position,champion,avg_kills,avg_deaths,avg_assists,avg_kda,avg_damage,avg_tanking,avg_vision,avg_gold,avg_cs,avg_time,avg_solokills,DPM,GPM,VSPM,DTM
TOP,나르,4.39,4.9,4.9,2.89,21524.5074,25586.2167,26.547,10715.4749,197.973,1550.85,1.95,832.75,414.57,1.03,989.89
JUNGLE,뽀삐,5.64,4.74,9.05,4.41,16245.4136,25109.1797,34.1932,10891.7763,160.9017,1580.32,0.83,616.79,413.53,1.3,953.32
MIDDLE,벡스,6.03,5.13,6.82,3.62,22110.0242,17567.8494,25.5472,10941.1004,195.1411,1575.17,1.37,842.2,416.76,0.97,669.18
BOTTOM,징크스,6.68,5.12,6.8,3.95,22355.7923,17797.251,23.2748,13266.2715,220.7506,1543.35,0.41,869.12,515.75,0.9,691.9
UTILITY,브라움,0.98,5.13,14.18,4.28,7448.69,22543.0228,78.9021,7551.7131,25.4711,1551.95,0.08,287.97,291.96,3.05,871.54
TOP,야스오,4.74,6.33,4.38,2.03,20359.2101,24008.9682,23.9117,10996.624,211.6823,1560.58,2.09,782.75,422.79,0.92,923.08
JUNGLE,암베사,6.47,4.9,6.99,4.05,18844.213,25405.5818,29.9331,12079.7572,187.323,1561.06,0.79,724.28,464.29,1.15,976.47
MIDDLE,신드라,5.13,4.94,5.93,3.23,21750.097,16846.7348,25.1507,11292.6861,208.8543,1566.24,1.2,833.21,432.6,0.96,645.37
BOTTOM,아펠리오스,6.8,5.86,5.28,3.06,23115.5386,19421.7925,22.0119,13420.3626,213.1312,1553.65,0.57,892.69,518.28,0.85,750.04
UTILITY,바드,2.01,5.09,14.0,4.62,10580.277,20409.7358,92.9518,8025.0617,26.1833,1565.78,0.19,405.43,307.52,3.56,782.09
TOP,스웨인,4.32,4.77,7.38,3.82,21816.7075,29776.332,24.2253,10282.7905,186.5415,1567.26,1.61,835.22,393.66,0.93,1139.94
JUNGLE,리 신,7.02,4.62,8.35,5.28,16899.2181,28590.9783,35.0215,11561.3311,171.4005,1555.14,0.85,652.0,446.06,1.35,1103.09
MIDDLE,갈리오,3.53,4.26,9.03,4.58,16649.4452,23755.3203,23.481,9726.6507,183.5355,1541.67,0.58,647.98,378.55,0.91,924.53
BOTTOM,루시안,7.06,5.38,6.3,3.56,24261.0056,20129.1372,23.8834,13186.8451,214.094,1563.2,0.49,931.2,506.15,0.92,772.61
UTILITY,유미,1.08,3.83,13.99,6.17,7097.5069,8350.694,56.4662,7426.1998,16.1522,1541.59,0.11,276.24,289.03,2.2,325.02
TOP,피오라,5.06,5.57,3.46,2.38,21115.8752,30760.5359,25.1637,11722.0095,207.9271,1550.88,2.41,816.92,453.5,0.97,1190.05
JUNGLE,탈론,8.3,5.17,6.47,4.26,20623.5814,26463.6542,31.3996,13486.0279,197.1371,1582.08,1.66,782.14,511.45,1.19,1003.63
MIDDLE,아리,5.48,4.44,7.13,4.3,21208.9889,20161.1048,26.2097,10975.4984,203.1435,1575.25,1.1,807.84,418.05,1.0,767.92
BOTTOM,유나라,6.51,5.54,6.46,3.42,23465.5752,20154.0722,23.3838,13496.333,219.4425,1547.82,0.54,909.62,523.17,0.91,781.26
UTILITY,룰루,1.27,4.69,12.88,4.51,7199.0955,15037.5386,78.0879,7595.8062,26.8882,1544.02,0.15,279.75,295.17,3.03,584.35
TOP,갈리오,2.89,4.53,9.02,3.63,16654.2894,26020.3736,25.5714,9716.5165,184.2161,1588.02,0.8,629.25,367.12,0.97,983.13
JUNGLE,비에고,7.97,4.92,5.98,4.32,16678.7366,26671.7096,31.7507,12392.5199,184.0495,1571.03,0.88,636.99,473.29,1.21,1018.63
MIDDLE,사일러스,5.99,5.76,6.01,3.12,20476.1711,29788.9025,22.1019,10330.9006,173.1389,1534.08,1.71,800.85,404.06,0.86,1165.08
TOP,잭스,4.78,5.25,3.97,2.51,20207.0657,28361.2603,25.1331,10810.5794,187.998,1551.41,2.02,781.5,418.09,0.97,1096.86
JUNGLE,신 짜오,5.67,5.19,8.56,4.31,17978.7706,35164.7415,32.901,11101.6366,167.9818,1559.64,0.66,691.65,427.09,1.27,1352.8
BOTTOM,카이사,7.43,5.33,6.0,3.65,22179.5565,19122.7734,22.8538,13805.3784,216.7977,1559.95,0.67,853.09,530.99,0.88,735.52
UTILITY,엘리스,4.73,6.84,9.9,3.08,15266.8408,20358.2418,89.3708,8988.263,30.2819,1570.02,0.52,583.44,343.5,3.42,778.01
TOP,럼블,5.03,5.18,6.26,3.12,24498.8969,22870.0659,26.3134,10796.7563,193.0524,1584.95,1.87,927.43,408.72,1.0,865.77
MIDDLE,아칼리,7.1,5.19,4.48,3.28,22105.2845,25189.5826,23.0308,10962.7237,186.975,1574.53,2.31,842.36,417.75,0.88,959.89
TOP,크산테,3.82,4.42,5.53,3.1,18395.3246,30079.2871,23.7491,10154.0292,191.2616,1577.88,1.78,699.49,386.11,0.9,1143.79
JUNGLE,바이,5.12,4.85,8.52,4.36,13995.8591,26922.0647,33.9054,10920.0154,169.1155,1556.89,0.46,539.38,420.84,1.31,1037.53
MIDDLE,르블랑,6.67,4.39,5.9,4.27,22472.1346,20249.553,26.3688,11066.7279,187.5848,1574.02,2.13,856.61,421.85,1.01,771.89
UTILITY,사일러스,4.53,8.01,10.46,2.49,16362.7596,25894.717,80.6213,9158.3213,35.0723,1574.32,0.63,623.61,349.04,3.07,986.89
TOP,암베사,4.56,4.97,4.84,2.78,22317.8756,26670.2194,24.3909,10653.3486,195.6966,1564.23,1.63,856.06,408.64,0.94,1023.01
MIDDLE,라이즈,4.76,4.63,6.25,3.52,21546.907,24709.2673,25.5676,11276.9715,222.7161,1552.72,0.89,832.61,435.76,0.99,954.81
BOTTOM,제라스,6.06,4.02,8.12,5.16,26262.5354,13340.9055,21.315,12791.7087,212.4882,1603.28,0.76,982.83,478.71,0.8,499.26
UTILITY,알리스타,1.17,5.48,13.65,3.96,6534.1604,24767.0292,79.4976,7441.3607,24.1644,1541.07,0.1,254.4,289.72,3.1,964.28
TOP,이렐리아,5.5,6.71,3.99,2.07,20268.8915,28721.9793,22.214,11871.6189,220.1137,1534.58,2.8,792.49,464.16,0.87,1122.99
JUNGLE,제이스,6.99,5.28,8.07,4.31,23213.8955,21669.6024,37.8765,13503.7264,194.2178,1582.58,0.89,880.11,511.97,1.44,821.56
UTILITY,라칸,1.12,4.74,14.16,4.68,6386.0315,20088.5506,86.4227,7639.4704,28.5574,1549.56,0.08,247.27,295.81,3.35,777.84
TOP,판테온,5.93,5.46,5.57,2.9,22425.9378,25369.0227,24.2536,10497.2919,177.1639,1574.06,1.9,854.83,400.13,0.92,967.01
MIDDLE,탈리야,4.44,5.09,8.06,3.62,21009.7767,18585.4275,25.9068,10835.4845,206.51,1565.72,0.84,805.11,415.23,0.99,712.21
BOTTOM,스몰더,6.46,5.35,6.64,3.52,26641.7549,20549.8621,21.8416,13475.2703,230.829,1599.14,0.49,999.6,505.6,0.82,771.04
JUNGLE,누누와 윌럼프,4.43,4.75,11.79,5.43,13616.5631,30167.2105,28.5089,10648.5292,164.7502,1547.41,0.46,527.97,412.89,1.11,1169.72
MIDDLE,나서스,4.11,4.38,5.13,3.22,18115.7778,38967.5333,20.4444,10692.5778,200.4444,1572.87,1.6,691.06,407.89,0.78,1486.49
TOP,그웬,5.0,5.66,3.94,2.37,23594.4135,28936.8148,25.5513,11291.3273,203.4803,1556.24,2.05,909.67,435.33,0.99,1115.64
JUNGLE,말파이트,4.33,4.4,9.25,4.63,15241.8821,20039.19,34.1697,10829.1503,177.8935,1574.44,0.49,580.85,412.69,1.3,763.67
MIDDLE,키아나,7.75,5.62,5.52,3.51,22963.3844,21569.8434,25.2377,11631.667,184.5701,1550.25,2.74,888.76,450.19,0.98,834.83
BOTTOM,시비르,5.67,4.95,8.16,4.07,24447.875,18735.4116,22.8378,13557.8108,234.1678,1571.85,0.39,933.21,517.52,0.87,715.16
UTILITY,뽀삐,2.32,5.45,11.58,3.65,10574.8573,22147.3726,88.9495,8047.2405,28.9192,1590.1,0.25,399.03,303.65,3.36,835.7
MIDDLE,애니비아,4.93,3.97,7.23,4.76,20031.3362,25833.8079,28.6034,10786.4934,201.701,1578.07,1.14,761.61,410.12,1.09,982.23
BOTTOM,이즈리얼,6.14,5.09,6.56,3.63,26116.1514,20657.5935,20.4809,12929.1979,214.8702,1572.43,0.57,996.53,493.35,0.78,788.24
TOP,룰루,2.99,4.02,9.72,4.69,16350.8402,17303.0118,27.6923,9669.432,170.0473,1589.69,1.39,617.13,364.95,1.05,653.07
JUNGLE,사일러스,6.73,5.26,7.96,4.42,18518.2937,32409.5483,29.1169,11580.5069,170.4531,1545.03,0.87,719.14,449.72,1.13,1258.6
BOTTOM,제리,6.81,5.81,6.32,3.28,24270.251,21178.3213,26.9402,14072.9652,235.1787,1582.89,0.44,919.97,533.44,1.02,802.77
UTILITY,쓰레쉬,1.44,5.24,13.6,4.3,7244.7504,19901.9099,81.1809,7710.4839,29.9562,1571.57,0.13,276.59,294.37,3.1,759.82
TOP,아트록스,4.3,5.19,4.51,2.58,19829.267,32547.1266,24.1471,10088.1257,183.7481,1544.99,1.69,770.07,391.77,0.94,1263.98
JUNGLE,에코,7.87,4.59,6.6,4.97,19688.1171,28159.0623,29.9696,12618.5093,185.41,1554.26,0.88,760.03,487.12,1.16,1087.04
MIDDLE,카타리나,8.68,5.17,5.45,4.16,22808.3398,22620.3799,21.178,11529.6593,179.7145,1545.87,2.09,885.26,447.5,0.82,877.97
JUNGLE,마스터 이,8.51,5.14,5.0,3.93,17962.1894,22638.3488,30.1628,12210.4203,180.6262,1526.69,1.15,705.93,479.88,1.19,889.71
BOTTOM,케이틀린,6.61,5.29,5.99,3.56,23017.4665,17967.0641,23.7312,13446.6224,222.6402,1574.46,0.49,877.16,512.43,0.9,684.69
MIDDLE,조이,6.08,4.16,6.66,4.73,22764.3901,16709.3908,27.3593,10772.9597,188.9128,1562.27,1.72,874.28,413.74,1.05,641.74
BOTTOM,벨코즈,6.02,4.15,8.54,5.19,24190.7472,15490.9418,25.4541,12697.9754,211.7338,1627.68,0.77,891.72,468.08,0.94,571.03
UTILITY,카르마,1.56,5.25,13.02,4.15,10471.7839,18500.5102,84.4393,7928.6921,31.3035,1573.81,0.15,399.23,302.27,3.22,705.31
TOP,라이즈,4.29,5.18,5.15,2.6,22705.1365,26010.0406,27.7184,11356.3229,222.0959,1591.14,1.38,856.18,428.23,1.05,980.81
MIDDLE,리산드라,4.19,5.31,8.88,3.54,19809.3375,22062.9325,26.7801,10527.8949,196.9769,1565.27,0.81,759.33,403.56,1.03,845.72
JUNGLE,헤카림,6.41,4.44,8.12,5.11,17192.7529,33062.6674,26.8317,11885.0483,201.1808,1530.9,0.89,673.83,465.81,1.05,1295.81
UTILITY,노틸러스,1.69,6.14,12.83,3.38,8512.0156,20449.6163,79.7651,7672.306,28.1033,1554.15,0.16,328.62,296.2,3.08,789.49
TOP,바루스,6.28,6.61,4.16,2.24,23242.7996,22753.8625,24.7004,11135.221,190.1375,1554.21,2.64,897.28,429.87,0.95,878.41
MIDDLE,빅토르,4.31,5.0,6.09,3.01,23980.8913,18280.336,24.1383,10696.2712,207.112,1566.85,0.97,918.31,409.6,0.92,700.02
UTILITY,마오카이,1.84,5.71,12.66,3.57,10518.1469,23995.9914,83.8928,7922.3483,31.0216,1578.19,0.14,399.88,301.19,3.19,912.29
BOTTOM,트리스타나,8.05,5.09,4.99,3.77,22074.6033,19053.4324,23.1659,13642.9655,206.5384,1535.05,0.76,862.83,533.26,0.91,744.74
MIDDLE,야스오,5.09,5.88,5.33,2.59,19021.3959,23661.9572,22.446,10977.2138,210.4621,1536.57,1.4,742.75,428.64,0.88,923.95
UTILITY,나미,1.35,4.99,14.68,4.68,8638.0219,15970.0571,79.0944,7879.3927,26.0312,1576.55,0.12,328.74,299.87,3.01,607.78
TOP,요네,4.66,6.31,4.15,2.02,22192.9218,25870.4292,23.4404,11031.5898,210.4487,1574.54,2.09,845.69,420.37,0.89,985.83
JUNGLE,니달리,6.96,4.04,8.2,5.87,18521.1658,25797.8774,34.6498,11788.2893,178.972,1533.05,0.83,724.88,461.37,1.36,1009.67
UTILITY,판테온,5.31,7.57,9.77,2.87,17182.5725,24730.7054,81.4349,9219.8392,34.0967,1567.32,0.64,657.78,352.95,3.12,946.74
TOP,갱플랭크,5.44,5.42,6.17,3.18,25485.1886,25008.6626,23.5037,12587.4956,209.3984,1596.67,1.92,957.69,473.01,0.88,939.78
JUNGLE,카직스,8.47,4.92,5.87,4.43,21525.3474,25191.321,35.5211,13330.248,184.0167,1580.03,1.75,817.4,506.2,1.35,956.61
MIDDLE,다이애나,6.03,6.05,5.58,2.8,21859.755,21110.1788,22.0624,10989.2819,189.8098,1533.88,1.97,855.08,429.86,0.86,825.76
UTILITY,니코,2.34,5.62,11.22,3.45,13945.9447,19308.2618,84.6997,8174.8419,35.5337,1574.07,0.2,531.59,311.61,3.23,735.99
TOP,루시안,4.46,6.81,4.61,1.52,22652.4815,22850.1481,27.2963,11531.2407,210.8704,1627.39,1.65,835.17,425.14,1.01,842.46
JUNGLE,그웬,6.69,4.7,6.0,4.23,20770.8877,29747.4568,32.1998,12397.9555,191.3826,1524.06,0.91,817.72,488.09,1.27,1171.12
MIDDLE,요네,4.51,5.63,4.89,2.6,20134.0518,27210.2527,22.6742,10977.5489,216.0596,1550.7,1.45,779.03,424.75,0.88,1052.82
TOP,티모,4.61,4.89,4.69,2.89,22877.1384,20369.7909,31.4025,10828.1761,202.9969,1558.83,1.89,880.55,416.78,1.21,784.04
MIDDLE,트리스타나,6.16,5.27,4.06,2.75,20883.7991,21449.9626,24.9299,12036.3154,209.9089,1554.93,1.44,805.84,464.44,0.96,827.69
BOTTOM,코르키,7.13,5.7,6.58,3.39,25537.2213,20302.2213,22.4631,13462.6942,217.3396,1572.92,0.76,974.13,513.54,0.86,774.44
BOTTOM,세라핀,3.68,4.57,9.32,4.31,14497.4921,14743.7937,19.4921,10827.1429,184.4603,1507.95,0.25,576.84,430.8,0.78,586.64
UTILITY,잭스,3.61,6.46,8.75,3.04,12154.4286,23181.0,81.3929,8290.0357,37.9286,1540.64,0.64,473.35,322.85,3.17,902.78
TOP,탐 켄치,3.21,4.32,5.9,3.4,16472.8362,30895.9386,24.3891,9555.7167,168.6758,1558.99,1.37,633.98,367.76,0.94,1189.07
MIDDLE,누누와 윌럼프,7.01,5.79,9.06,4.01,21437.4409,26076.4089,17.4792,10576.6486,155.524,1594.36,2.22,806.75,398.03,0.66,981.32
MIDDLE,아크샨,8.28,5.12,5.36,4.09,23530.0395,18690.763,23.7084,12596.1689,198.9176,1577.75,1.98,894.82,479.02,0.9,710.79
JUNGLE,나피리,7.45,4.85,6.68,4.22,19314.7625,25958.515,28.2,12188.8025,184.2375,1572.02,1.15,737.2,465.22,1.08,990.77
MIDDLE,니코,4.62,4.46,7.73,4.14,19703.0926,19374.2551,23.5959,10524.2438,192.0903,1569.02,0.98,753.45,402.45,0.9,740.88
TOP,사일러스,5.01,6.16,5.52,2.44,20478.1488,32600.1232,23.1056,10147.3408,170.0848,1568.6,1.92,783.3,388.14,0.88,1246.98
JUNGLE,판테온,7.51,4.85,7.62,4.89,19276.961,29190.8338,31.361,11760.2416,166.0052,1577.57,0.8,733.16,447.28,1.19,1110.22
BOTTOM,진,6.55,4.72,7.87,4.55,21371.9939,18058.0693,21.3312,13045.8442,213.1373,1594.91,0.52,804.01,490.78,0.8,679.34
TOP,오른,2.75,4.17,7.78,3.78,16930.2135,29692.7296,22.9858,9584.5964,177.0013,1590.62,1.04,638.63,361.54,0.87,1120.04
JUNGLE,자이라,5.65,4.7,9.43,4.88,23133.955,18452.123,37.8244,12348.3749,210.8278,1589.38,0.67,873.32,466.16,1.43,696.58
MIDDLE,이즈리얼,5.69,5.41,5.16,2.45,25006.1633,21342.2653,18.0,11566.9796,209.4286,1530.16,1.35,980.53,453.56,0.71,836.86
TOP,말파이트,3.31,4.31,6.93,3.52,18911.0431,21855.4196,24.5428,9751.6834,181.6152,1556.98,1.17,728.76,375.79,0.95,842.22
MIDDLE,이렐리아,6.17,6.51,4.56,2.4,20810.9474,28935.5825,20.8905,12260.4486,226.2317,1537.66,2.47,812.05,478.41,0.82,1129.07
MIDDLE,레넥톤,4.73,5.21,6.12,2.98,18769.12,32882.68,24.352,10831.972,200.268,1543.52,1.32,729.59,421.06,0.95,1278.22
TOP,녹턴,4.45,6.34,6.63,2.51,18100.4495,28498.5202,16.6869,10457.3586,186.2424,1531.93,1.61,708.93,409.58,0.65,1116.18
JUNGLE,키아나,7.66,5.07,6.88,4.35,20792.2596,24644.8868,33.8698,13566.3577,193.139,1586.59,1.2,786.3,513.04,1.28,932.0
TOP,레넥톤,4.54,5.03,4.96,2.83,19874.938,33956.5599,25.6222,10830.6812,203.3049,1548.31,1.93,770.19,419.71,0.99,1315.89
MIDDLE,제드,6.91,4.75,5.14,3.8,24181.0574,20773.2898,22.7001,12038.509,198.8407,1589.07,2.17,913.02,454.55,0.86,784.35
JUNGLE,녹턴,6.02,5.1,8.68,4.26,16885.8215,31477.2678,31.9851,11574.2579,181.9388,1580.56,0.97,641.01,439.37,1.21,1194.91
MIDDLE,오로라,6.19,4.7,5.95,3.8,24259.2071,20358.7274,25.5714,11070.7119,199.7545,1573.05,1.54,925.3,422.26,0.98,776.53
TOP,리븐,5.71,5.49,4.11,2.77,18909.1559,23389.8382,22.8969,11273.8148,193.6094,1541.03,2.33,736.23,438.95,0.89,910.68
MIDDLE,오리아나,4.39,4.4,7.96,4.27,21001.5318,18367.0448,25.3891,10840.8739,210.2581,1566.58,1.06,804.36,415.21,0.97,703.46
TOP,요릭,3.68,4.48,4.06,2.62,21931.1449,29426.2925,25.6179,11581.9578,217.8893,1579.1,1.63,833.3,440.07,0.97,1118.09
JUNGLE,제드,7.91,4.94,6.71,4.5,22059.7849,24399.0239,30.365,13324.3927,191.686,1594.4,1.24,830.15,501.42,1.14,918.17
TOP,신지드,3.48,4.99,7.97,3.43,16970.4309,29348.5464,24.3981,10766.3294,214.0773,1584.56,0.97,642.59,407.67,0.92,1111.29
JUNGLE,오공,5.6,4.52,7.92,4.62,16125.7497,29167.9316,36.1564,11384.1275,174.9027,1597.85,0.64,605.53,427.48,1.36,1095.27
BOTTOM,미스 포츈,7.34,5.58,6.57,3.59,23641.3536,17742.0903,23.5701,13819.7845,216.1843,1556.5,0.63,911.33,532.73,0.91,683.92
JUNGLE,릴리아,5.96,4.38,8.27,5.23,20742.178,32322.5924,29.1857,11924.7897,195.7134,1575.18,0.64,790.09,454.22,1.11,1231.19
BOTTOM,바루스,6.56,5.59,7.0,3.59,24349.9752,17627.4372,23.3017,12925.4274,210.1219,1578.49,0.6,925.57,491.31,0.89,670.04
TOP,베인,5.37,5.71,3.77,2.34,21765.4501,21279.9734,26.4024,10937.7605,192.8847,1552.23,2.0,841.32,422.79,1.02,822.56
BOTTOM,닐라,7.54,5.73,5.54,3.29,18979.8972,21603.2443,18.7303,13734.4873,205.7383,1539.62,0.66,739.66,535.24,0.73,841.89
JUNGLE,킨드레드,8.17,5.37,6.37,4.16,20946.4053,23008.0102,33.9212,12193.4504,180.7451,1509.23,0.93,832.73,484.76,1.35,914.69
TOP,카밀,5.36,5.37,4.97,2.82,21242.6179,29291.3338,24.3118,10982.6612,184.6964,1556.1,1.96,819.07,423.47,0.94,1129.41
UTILITY,렐,1.66,5.67,15.26,4.28,7587.957,20488.1013,84.2788,7883.8532,27.4065,1562.61,0.13,291.36,302.72,3.24,786.69
TOP,피즈,4.31,5.46,4.69,1.75,16472.5385,21756.4615,31.3077,11031.5385,193.6154,1717.69,1.23,575.4,385.34,1.09,759.97
TOP,자헨,4.22,5.07,4.69,2.67,20868.7514,35712.3712,24.6302,10561.0461,190.6593,1540.21,1.57,812.96,411.41,0.96,1391.2
UTILITY,소라카,0.92,5.27,13.31,4.01,5867.3142,15354.2119,74.6645,7454.9191,25.1416,1552.46,0.12,226.76,288.12,2.89,593.42
JUNGLE,렉사이,6.98,4.25,8.36,5.77,16149.8841,31291.3652,30.9637,11527.1089,168.7462,1534.46,0.75,631.49,450.73,1.21,1223.54
UTILITY,타릭,1.18,5.08,14.23,4.57,5403.1812,21403.8974,74.3538,7669.2617,36.3337,1523.36,0.09,212.81,302.07,2.93,843.03
UTILITY,렝가,4.3,6.29,10.14,3.53,14921.928,24845.312,74.256,9048.696,48.48,1488.37,0.81,601.54,364.78,2.99,1001.58
MIDDLE,비에고,6.19,5.26,5.22,3.37,18654.8273,24676.5823,24.8795,10994.9679,190.3373,1522.11,1.45,735.35,433.41,0.98,972.73
BOTTOM,직스,5.0,4.79,7.91,4.03,26968.2735,15672.8689,21.7507,12906.9373,221.9117,1591.5,0.59,1016.71,486.59,0.82,590.87
TOP,카시오페아,4.92,5.58,5.16,2.78,20379.4936,24910.6197,25.894,10783.6143,204.2377,1589.35,2.03,769.35,407.09,0.98,940.41
UTILITY,파이크,5.2,6.52,9.66,3.21,10639.0323,18990.2848,89.0642,9022.6261,28.1094,1562.67,0.43,408.5,346.43,3.42,729.15
JUNGLE,자르반 4세,5.01,4.66,11.95,5.65,14710.7504,26747.6995,34.044,10992.8499,163.2267,1548.26,0.56,570.09,426.01,1.32,1036.56
UTILITY,럭스,3.02,5.9,12.3,3.91,15954.3897,15546.7807,82.9595,8684.2374,41.5503,1583.09,0.28,604.68,329.14,3.14,589.23
MIDDLE,탈론,7.67,5.25,5.46,3.77,21559.8462,24316.8338,22.4594,12014.5412,199.8585,1572.68,2.55,822.54,458.37,0.86,927.72
UTILITY,르블랑,4.78,6.08,10.22,3.45,18527.4523,20048.147,90.7447,9163.4313,33.2342,1575.98,0.76,705.37,348.87,3.45,763.26
TOP,케넨,5.28,5.27,5.43,2.91,23570.5193,21168.1465,29.1095,11251.0456,198.6115,1578.11,2.15,896.16,427.77,1.11,804.82
MIDDLE,트위스티드 페이트,3.84,4.24,8.47,4.53,16447.1991,21567.912,26.4528,11716.1798,200.0794,1565.73,0.5,630.27,448.97,1.01,826.5
UTILITY,레오나,1.51,5.88,12.93,3.56,8561.6276,22187.6487,84.8329,7662.1316,28.8857,1557.9,0.11,329.74,295.09,3.27,854.52
MIDDLE,흐웨이,4.43,4.72,7.24,3.71,23374.0705,17924.7718,25.6365,10864.0357,207.0822,1620.28,0.86,865.56,402.3,0.95,663.77
UTILITY,갈리오,1.92,5.83,13.01,4.04,9488.4055,21805.5714,78.3364,7843.3733,31.6774,1547.52,0.17,367.88,304.1,3.04,845.44
JUNGLE,탈리야,7.06,5.04,9.14,5.18,22457.9772,18560.4815,31.1239,12893.4687,200.235,1580.35,0.76,852.65,489.52,1.18,704.67
UTILITY,세나,2.75,5.43,13.39,4.59,15337.6718,20026.3996,79.2405,9239.9448,35.359,1572.62,0.22,585.18,352.53,3.02,764.07
JUNGLE,엘리스,7.37,4.88,7.09,4.83,17692.9632,22426.1103,34.3929,11460.6565,158.3992,1538.2,0.96,690.14,447.04,1.34,874.77
BOTTOM,드레이븐,7.58,5.73,5.64,3.51,23119.491,19193.1232,21.7133,14262.8808,211.1293,1549.72,0.68,895.11,552.21,0.84,743.09
TOP,문도 박사,3.66,4.24,4.72,2.96,22426.2679,47387.6041,21.8773,10507.8185,197.8781,1541.67,1.42,872.81,408.95,0.85,1844.27
UTILITY,벨코즈,3.68,6.63,10.76,3.21,21225.2956,17441.6356,84.2689,8951.0222,42.1511,1623.02,0.52,784.66,330.9,3.12,644.78
TOP,사이온,3.02,4.51,6.57,3.08,18440.4422,35736.8113,23.3747,10241.5452,196.4215,1561.28,1.03,708.67,393.58,0.9,1373.37
TOP,누누와 윌럼프,2.67,4.0,7.33,2.78,11758.3333,20538.6667,19.0,7485.0,121.6667,1284.0,1.0,549.45,349.77,0.89,959.75
UTILITY,니달리,2.5,4.55,11.55,4.6,10947.6816,21500.7612,85.902,8358.9837,32.5653,1524.61,0.21,430.84,328.96,3.38,846.15
JUNGLE,세주아니,3.97,4.24,11.47,5.72,14959.0883,32084.2916,31.4559,10510.5154,161.5873,1578.2,0.4,568.72,399.59,1.2,1219.78
MIDDLE,갱플랭크,5.21,4.67,6.84,4.19,24643.9647,24159.1176,24.1765,13360.3647,235.2,1630.33,1.56,906.96,491.69,0.89,889.11
UTILITY,피들스틱,2.5,5.67,10.54,3.19,11368.5729,20147.0174,102.8785,8074.4688,35.2465,1596.52,0.24,427.25,303.45,3.87,757.16
TOP,아칼리,6.43,5.37,3.88,2.75,22582.632,25487.0284,24.992,10737.8053,185.5689,1563.03,2.88,866.88,412.19,0.96,978.37
MIDDLE,아지르,4.73,5.21,5.45,2.9,22702.9963,20687.3869,24.3055,11292.9597,217.3577,1568.66,1.21,868.37,431.95,0.93,791.28
JUNGLE,아트록스,5.44,5.26,7.28,3.68,16941.516,33823.9135,29.875,10944.9359,171.8301,1534.5,0.67,662.43,427.96,1.17,1322.54
MIDDLE,초가스,5.21,5.27,4.85,2.92,17653.9178,29510.7123,22.6301,10313.1096,190.5753,1529.07,1.4,692.73,404.68,0.89,1157.99
BOTTOM,자야,6.4,5.27,6.93,3.77,23606.0571,19490.0598,22.4819,13245.0716,221.1748,1556.64,0.57,909.89,510.53,0.87,751.24
TOP,세트,4.98,6.14,4.41,2.18,20700.0632,32881.5158,23.1653,10495.2231,177.9521,1560.3,2.26,796.0,403.58,0.89,1264.43
JUNGLE,벨베스,7.74,4.12,6.11,5.59,15134.4909,25678.7318,28.7104,12125.4175,181.3152,1508.17,1.16,602.1,482.39,1.14,1021.58
TOP,일라오이,4.26,5.67,3.08,1.8,25193.7028,33030.0378,25.0982,11650.3048,228.1209,1574.66,2.45,959.97,443.92,0.96,1258.56
JUNGLE,그레이브즈,7.85,5.0,6.31,4.29,20714.7274,21075.893,33.9883,13006.2525,205.2341,1567.34,0.88,792.99,497.9,1.3,806.81
BOTTOM,애쉬,5.27,5.77,8.2,3.26,20211.5649,17750.3065,27.4479,12013.6854,202.0394,1559.31,0.38,777.71,462.27,1.06,683.01
MIDDLE,모데카이저,5.76,5.02,5.87,4.01,21233.4762,26275.8413,19.0159,10808.6825,190.5079,1568.1,2.06,812.46,413.57,0.73,1005.39
TOP,렝가,5.17,5.26,4.75,2.84,18674.1282,28415.4947,22.8656,11095.3878,191.4962,1525.1,2.01,734.67,436.51,0.9,1117.91
TOP,클레드,5.11,4.96,5.88,3.31,20634.3485,35380.8466,23.3122,11095.2604,189.3321,1545.14,2.1,801.26,430.84,0.91,1373.89
UTILITY,조이,4.06,5.73,10.79,3.57,17816.4571,17322.919,88.6714,9056.4714,40.9429,1619.84,0.5,659.93,335.46,3.28,641.65
BOTTOM,칼리스타,7.89,5.89,6.42,3.65,22402.1425,21327.7466,25.8665,13067.5905,206.7579,1513.75,0.58,887.95,517.96,1.03,845.36
MIDDLE,스웨인,4.82,4.49,8.66,4.6,20998.4798,27132.8195,23.4822,10313.5843,185.8741,1545.06,0.95,815.44,400.51,0.91,1053.66
BOTTOM,블라디미르,9.0,5.0,7.29,6.54,27858.0,35796.4286,18.0,14545.1429,208.5714,1569.43,1.14,1065.02,556.07,0.69,1368.51
TOP,블라디미르,5.1,4.83,4.64,3.22,23345.0711,31014.1108,23.2721,10873.3739,203.7353,1571.25,2.01,891.46,415.21,0.89,1184.31
MIDDLE,에코,6.62,4.54,4.68,3.93,20521.4168,24403.0817,22.1327,11299.6972,196.8158,1545.56,1.59,796.66,438.67,0.86,947.35
TOP,렉사이,4.48,4.74,5.1,3.21,20276.6585,39365.5848,23.6652,10805.3192,188.9241,1546.31,1.67,786.77,419.27,0.92,1527.46
MIDDLE,파이크,8.58,4.42,5.83,4.82,16443.9167,24014.9167,32.0417,11824.2083,161.75,1668.75,1.08,591.24,425.14,1.15,863.46
JUNGLE,문도 박사,4.63,4.05,7.98,4.78,19257.3523,45113.3766,33.4367,11144.0925,182.5795,1577.86,0.47,732.28,423.77,1.27,1715.49
UTILITY,블리츠크랭크,1.56,5.76,12.96,3.67,7888.8162,20839.3323,79.7405,7575.8557,25.3212,1564.55,0.15,302.53,290.53,3.06,799.18
TOP,우디르,4.2,4.21,4.94,3.39,18951.5554,27825.9438,23.9736,10279.7653,189.119,1509.59,2.12,753.25,408.58,0.95,1105.97
BOTTOM,멜,7.88,5.3,5.52,3.39,22905.1815,16447.7722,21.8494,12818.9459,214.2432,1563.95,0.92,878.74,491.79,0.84,631.01
JUNGLE,케인,7.28,5.41,6.56,3.76,18688.0123,28039.6674,27.5606,11959.6099,175.6838,1557.81,1.18,719.78,460.63,1.06,1079.96
MIDDLE,블라디미르,5.43,4.24,4.83,3.72,22448.4375,29728.1365,19.5536,10886.9247,204.3648,1521.54,1.47,885.23,429.31,0.77,1172.29
TOP,리산드라,3.42,4.69,7.28,3.42,18660.6345,21242.1586,30.0207,9967.331,190.0483,1493.26,1.1,749.79,400.49,1.21,853.52
TOP,오로라,5.14,4.89,5.37,3.36,24174.3633,22432.978,28.1238,10661.3852,195.2395,1572.81,1.95,922.21,406.71,1.07,855.78
TOP,뽀삐,3.84,4.59,5.99,3.18,20772.7253,29607.0947,23.9347,9742.852,172.9293,1567.41,1.48,795.17,372.95,0.92,1133.35
UTILITY,스웨인,3.21,6.08,12.11,3.76,15547.0559,29725.6847,76.2017,8633.9407,39.7254,1559.39,0.34,598.2,332.21,2.93,1143.75
TOP,제이스,5.41,6.12,5.17,2.43,24703.6635,21724.1041,26.7232,11690.7166,208.8066,1557.44,2.18,951.7,450.38,1.03,836.91
MIDDLE,카시오페아,5.27,5.16,5.65,3.2,19821.6582,23976.5764,24.2864,10756.6221,204.6931,1566.33,1.39,759.29,412.04,0.93,918.45
TOP,트위스티드 페이트,3.96,4.54,5.96,3.33,17019.04,20274.66,26.86,11306.86,190.88,1538.78,0.96,663.61,440.88,1.05,790.55
JUNGLE,피들스틱,5.44,4.43,9.33,5.19,17801.5,25880.3395,63.1789,11303.0211,175.5118,1607.94,0.6,664.26,421.77,2.36,965.72
MIDDLE,스몰더,5.27,5.52,5.23,2.82,24878.699,21520.699,22.01,11785.2074,225.3244,1568.68,0.92,951.58,450.77,0.84,823.14
TOP,트리스타나,6.03,5.89,3.6,2.47,21796.5,21887.9032,27.1613,11904.4516,207.129,1556.95,2.26,839.97,458.76,1.05,843.49
TOP,자르반 4세,3.89,5.44,8.39,2.56,17283.0,26671.7222,23.8889,10436.5556,176.8333,1617.5,1.06,641.1,387.14,0.89,989.37
MIDDLE,사이온,3.27,4.48,8.07,3.76,17689.5667,38185.8384,23.4075,10719.8525,201.733,1592.46,0.61,666.5,403.9,0.88,1438.75
JUNGLE,잭스,6.68,4.85,6.68,4.36,17423.4066,27381.9627,34.9959,11629.61,174.4813,1534.96,1.06,681.06,454.59,1.37,1070.33
TOP,하이머딩거,4.45,5.53,4.18,2.13,25972.524,18498.0479,28.5898,11090.5479,202.994,1589.78,2.34,980.23,418.57,1.08,698.14
TOP,애니비아,4.73,4.36,6.46,3.66,20191.3255,28020.0182,30.2396,10455.2813,189.0052,1580.02,1.82,766.75,397.03,1.15,1064.04
UTILITY,람머스,2.33,6.24,12.08,3.42,10215.1954,22738.0172,78.3966,8028.4023,30.5,1559.21,0.22,393.09,308.94,3.02,874.98
MIDDLE,멜,6.89,5.2,4.43,3.09,22673.8939,17436.4939,24.0767,11390.9527,210.1257,1585.31,1.62,858.15,431.12,0.91,659.93
TOP,케일,4.28,5.76,4.8,2.11,19874.3367,23035.102,25.0944,11131.4464,213.1224,1562.56,1.52,763.14,427.43,0.96,884.51
JUNGLE,카서스,7.93,6.66,9.19,3.64,30003.9464,25382.4126,28.6111,13291.2833,207.8095,1592.56,0.93,1130.41,500.75,1.08,956.29
MIDDLE,그라가스,5.1,4.48,7.38,4.33,20237.913,25442.0,23.8775,10406.6838,180.1225,1554.92,1.43,780.93,401.57,0.92,981.74
TOP,볼리베어,4.55,5.25,4.43,2.61,20329.26,32524.6647,23.0594,10481.428,183.118,1551.32,2.22,786.27,405.39,0.89,1257.95
UTILITY,오리아나,1.41,5.07,12.33,4.77,11133.4815,15863.5185,76.037,7832.0741,39.2222,1554.7,0.3,429.67,302.26,2.93,612.21
BOTTOM,사미라,9.22,6.34,5.28,3.39,23184.1938,21889.4083,20.4654,13530.5,200.7145,1543.16,0.72,901.43,526.08,0.8,851.09
TOP,세주아니,4.08,5.06,7.7,3.32,20992.3421,29329.8239,25.6255,10172.5385,182.6356,1583.64,1.66,795.34,385.41,0.97,1111.23
TOP,제드,5.99,5.27,4.19,2.58,25231.4171,21569.9943,24.64,12324.0857,203.2571,1608.15,2.39,941.38,459.81,0.92,804.78
JUNGLE,다이애나,6.4,5.36,7.34,4.14,19239.5733,23218.1533,30.1758,11885.2847,191.7663,1518.41,0.91,760.25,469.65,1.19,917.47
JUNGLE,럼블,6.17,5.51,8.74,4.12,23508.9787,26700.8298,30.7872,12973.1702,196.1277,1686.91,0.81,836.16,461.43,1.1,949.69
TOP,다리우스,5.57,5.43,3.52,2.48,17903.8247,28575.1164,25.5833,10993.4555,198.206,1573.05,2.27,682.9,419.32,0.98,1089.93
MIDDLE,암베사,5.53,5.16,5.57,3.4,21778.7354,24917.8889,21.4709,10868.9841,194.6561,1546.36,1.66,845.03,421.73,0.83,966.83
JUNGLE,트런들,4.71,4.08,8.83,5.0,13095.8308,30707.1294,33.9502,10428.0647,156.4179,1499.8,0.44,523.9,417.18,1.36,1228.45
BOTTOM,야스오,6.42,6.22,6.96,3.21,17987.9096,20486.8105,21.4752,11498.4694,182.4315,1471.71,0.58,733.35,468.78,0.88,835.23
UTILITY,세주아니,2.16,5.79,13.11,3.19,11054.6316,23718.1053,75.1053,7656.3684,31.7895,1464.26,0.16,452.98,313.73,3.08,971.88
TOP,올라프,6.3,5.44,3.98,2.96,22110.2472,27726.0745,23.0411,11512.8043,198.2173,1535.57,2.84,863.93,449.85,0.9,1083.36
UTILITY,애쉬,1.99,6.76,12.1,2.76,13526.75,17992.1,88.025,8281.9125,39.3375,1555.11,0.14,521.89,319.54,3.4,694.18
UTILITY,진,6.33,5.92,11.92,4.14,17999.4167,18531.25,91.75,10885.3333,55.1667,1641.33,0.42,657.98,397.92,3.35,677.42
UTILITY,애니비아,2.79,5.5,11.0,3.92,13496.3968,25517.2302,86.5238,8453.5714,39.246,1560.72,0.27,518.85,324.99,3.33,980.98
UTILITY,모르가나,1.8,5.27,13.43,4.24,11359.1331,18721.0899,83.7171,8154.5923,31.2879,1580.14,0.18,431.32,309.64,3.18,710.87
UTILITY,질리언,1.54,4.47,13.27,5.05,8077.3305,17457.4503,78.6712,7939.5616,33.8014,1561.17,0.14,310.43,305.14,3.02,670.94
TOP,퀸,5.85,5.47,5.71,3.21,22608.4732,20859.3549,29.3239,11393.1972,195.4423,1602.99,1.94,846.24,426.45,1.1,780.77
JUNGLE,자크,5.64,4.08,10.02,6.34,17271.6797,35066.8735,26.8272,11523.7414,179.2771,1573.16,0.71,658.74,439.51,1.02,1337.44
UTILITY,탐 켄치,1.8,6.16,11.4,3.1,10533.5679,29194.6098,78.3345,7842.2997,26.9861,1593.77,0.19,396.55,295.24,2.95,1099.08
UTILITY,그라가스,2.05,5.55,11.85,3.9,11186.3978,24264.4194,81.3333,8039.7204,30.2258,1581.39,0.16,424.43,305.04,3.09,920.63
UTILITY,레나타 글라스크,1.33,5.06,13.84,4.48,8411.3984,17453.8486,79.9363,7657.8048,28.9522,1514.12,0.13,333.32,303.46,3.17,691.65
TOP,리 신,4.89,6.08,5.01,2.2,19480.9933,30982.0268,21.7919,10684.3154,191.9262,1526.4,2.1,765.76,419.98,0.86,1217.85
TOP,그라가스,3.5,4.52,6.21,3.11,19400.8234,29201.3342,24.164,9871.4099,178.3315,1567.48,1.33,742.62,377.86,0.92,1117.77
TOP,자크,3.44,4.61,6.24,3.37,17820.0989,40034.7655,20.8588,9636.5141,173.8023,1554.34,1.45,687.88,371.98,0.81,1545.4
TOP,워윅,5.75,5.63,4.53,2.69,17883.7717,32275.2075,21.144,10218.6394,173.9676,1539.69,2.49,696.91,398.21,0.82,1257.73
JUNGLE,샤코,8.09,5.22,7.36,4.33,18125.9281,21039.3866,30.008,12295.0479,169.7013,1599.2,1.48,680.06,461.3,1.13,789.37
MIDDLE,루시안,5.03,5.69,5.05,2.44,21420.9182,20925.0545,24.8727,11409.7,211.8455,1535.72,1.19,836.91,445.77,0.97,817.53
UTILITY,세라핀,1.81,5.15,12.65,4.04,9390.4767,16746.6565,77.7488,7846.2464,30.8909,1559.57,0.14,361.27,301.86,2.99,644.28
UTILITY,쉔,2.54,5.76,13.13,3.76,9315.8204,22615.2767,87.432,8173.6893,31.7136,1587.83,0.22,352.02,308.86,3.3,854.58
MIDDLE,트린다미어,5.55,5.39,4.3,2.85,18708.7887,33173.0361,23.4433,11623.5258,214.3247,1527.4,2.15,734.93,456.6,0.92,1303.12
TOP,아이번,2.79,3.78,7.17,3.53,16623.5537,15006.5372,25.9421,9089.6364,163.1653,1533.34,1.45,650.48,355.68,1.02,587.21
TOP,쉔,3.67,4.26,9.01,4.42,16545.8951,27007.4815,22.7273,9633.6443,168.323,1565.14,1.06,634.29,369.31,0.87,1035.34
MIDDLE,카밀,4.89,5.81,5.22,3.03,17611.8611,27008.1389,23.3611,10158.6389,170.6944,1498.19,1.53,705.32,406.84,0.94,1081.63
BOTTOM,베인,6.69,5.96,5.18,2.93,20876.7595,20150.5189,22.1993,12343.0893,194.7251,1537.38,0.6,814.77,481.72,0.87,786.42
MIDDLE,아우렐리온 솔,5.96,4.48,7.45,4.54,22377.381,19650.4078,21.4408,11015.3736,196.7302,1573.81,0.89,853.12,419.95,0.82,749.15
UTILITY,카밀,4.66,7.44,11.16,2.92,15164.8911,23682.9844,83.0311,9196.4475,33.1362,1540.55,0.62,590.63,358.18,3.23,922.39
UTILITY,샤코,4.57,5.91,10.11,3.27,18185.472,18821.8437,87.0649,9346.4543,32.8614,1637.74,0.67,666.24,342.42,3.19,689.56
MIDDLE,세라핀,3.92,4.06,8.98,4.41,16000.5306,15412.3878,25.2041,9957.1837,174.9388,1551.96,0.57,618.59,384.95,0.97,595.86
MIDDLE,제라스,5.89,4.2,7.88,5.07,25825.5517,14650.3657,22.6499,11151.884,196.326,1600.67,1.19,968.05,418.02,0.85,549.16
JUNGLE,이블린,8.27,4.41,6.76,5.38,20290.3737,23357.0871,29.5417,12087.3258,173.3396,1604.27,1.47,758.86,452.07,1.1,873.56
MIDDLE,카르마,2.88,4.38,8.11,4.15,17978.9297,19759.1797,25.4375,9408.0469,176.5078,1534.73,0.71,702.88,367.81,0.99,772.48
MIDDLE,코르키,5.19,5.41,5.36,2.88,24115.0556,21829.9012,24.0972,11711.9367,221.6713,1567.32,1.23,923.17,448.36,0.92,835.69
UTILITY,소나,1.61,5.12,13.45,4.22,9348.7511,18521.9124,79.7283,8020.7835,27.6801,1586.94,0.15,353.46,303.25,3.01,700.29
TOP,니달리,5.49,4.75,4.33,3.14,20993.3107,30027.1412,25.2034,10861.5989,186.6893,1484.34,2.84,848.59,439.05,1.02,1213.75
MIDDLE,케인,5.33,5.0,4.33,1.89,15892.6667,23517.0,29.3333,10343.0,194.3333,1541.33,1.67,618.66,402.63,1.14,915.45
TOP,아지르,4.27,4.61,5.26,2.66,24171.5828,21317.7152,28.404,11812.0662,222.1589,1639.79,1.48,884.44,432.2,1.04,780.02
MIDDLE,모르가나,3.73,4.34,9.75,4.34,18260.7081,20039.1297,27.2703,10142.6595,186.9514,1578.48,0.62,694.11,385.53,1.04,761.71
JUNGLE,렝가,8.23,4.86,5.68,4.63,20270.0901,26181.2015,29.7038,12943.1908,204.4351,1540.06,2.17,789.71,504.26,1.16,1020.01
UTILITY,자르반 4세,3.2,6.68,13.76,3.64,11627.3516,20541.6154,75.4835,8532.0989,35.6154,1509.98,0.54,462.02,339.03,3.0,816.24
UTILITY,트위치,7.0,8.62,9.37,2.46,24298.2,21572.4308,79.9077,10559.8462,43.8308,1654.91,1.22,880.95,382.86,2.9,782.13
MIDDLE,판테온,7.67,5.31,6.47,4.03,23161.883,22563.7019,23.1458,11129.6442,172.4407,1550.4,2.03,896.36,430.71,0.9,873.21
BOTTOM,스웨인,6.54,4.38,9.37,5.46,23573.8826,27439.0896,21.6604,12207.0278,197.096,1558.56,0.59,907.52,469.93,0.83,1056.32
UTILITY,아무무,1.91,7.17,13.16,2.57,9597.03,22313.27,78.35,7889.57,29.71,1569.79,0.14,366.81,301.55,2.99,852.85
JUNGLE,다리우스,6.06,4.94,6.29,3.55,12788.1765,27274.1765,26.0,10513.8824,162.4706,1454.18,0.59,527.65,433.81,1.07,1125.35
MIDDLE,카사딘,6.2,4.25,4.62,3.93,21408.1225,25934.0131,22.0197,11951.7199,202.6061,1552.0,1.56,827.63,462.05,0.85,1002.6
MIDDLE,클레드,5.34,5.2,7.0,3.58,18389.792,32943.544,20.952,10537.688,176.592,1476.68,1.39,747.21,428.16,0.85,1338.55
MIDDLE,녹턴,5.63,5.56,7.48,3.49,18256.9863,25629.5205,19.5342,10916.4247,187.3973,1586.62,1.33,690.41,412.82,0.74,969.21
MIDDLE,바루스,7.53,5.14,5.46,4.08,23846.479,20723.8383,21.8503,11840.1078,192.7246,1572.38,2.28,909.95,451.8,0.83,790.8
TOP,르블랑,5.32,4.44,5.29,3.17,21687.4706,19744.5882,28.6765,10750.6176,185.5882,1558.59,2.15,834.89,413.86,1.1,760.1
TOP,트런들,3.93,6.54,3.33,1.53,16965.8862,33652.5854,23.187,11402.0976,205.0569,1535.06,2.16,663.14,445.67,0.91,1315.36
MIDDLE,베이가,5.87,4.62,5.41,3.61,22274.2809,19150.1727,24.7861,11482.8196,210.0335,1560.76,1.21,856.29,441.43,0.95,736.19
TOP,벨코즈,5.09,4.39,4.94,2.97,22184.697,14833.3333,25.1818,9987.9697,179.7576,1473.88,2.27,903.11,406.6,1.03,603.85
BOTTOM,초가스,7.07,4.21,6.29,4.78,17303.75,23468.0,20.9643,11459.4643,182.1071,1443.82,1.11,719.08,476.21,0.87,975.25
UTILITY,멜,5.03,6.63,8.13,2.74,18289.7817,18076.8417,81.9817,9164.355,44.595,1612.72,0.42,680.46,340.95,3.05,672.53
UTILITY,밀리오,0.62,4.1,13.09,5.04,5051.3211,14904.6093,76.6402,7417.9513,26.0676,1568.08,0.08,193.28,283.84,2.93,570.3
TOP,신드라,4.83,5.63,5.66,2.71,22305.2,17287.8857,30.2571,11161.6286,207.7429,1567.54,1.89,853.76,427.23,1.16,661.72
JUNGLE,람머스,3.98,4.18,11.49,5.7,13326.0354,26634.7203,29.7428,10766.0482,163.8424,1610.54,0.32,496.46,401.09,1.11,992.27
BOTTOM,카시오페아,7.3,5.32,6.93,3.87,21970.5552,23395.4161,21.6341,12367.3271,206.1004,1560.02,0.94,845.01,475.66,0.83,899.81
BOTTOM,카서스,9.3,9.02,10.58,2.68,34995.8689,23101.8689,17.0,13586.8279,208.3197,1628.39,1.25,1289.47,500.62,0.63,851.22
BOTTOM,베이가,5.87,4.06,6.54,4.59,22164.9478,17540.2761,23.3582,13258.1716,215.5149,1579.38,0.6,842.04,503.67,0.89,666.35
MIDDLE,말자하,3.78,5.0,7.06,2.97,20099.7295,17234.0135,26.7907,11308.7931,222.0832,1589.06,0.88,758.93,427.0,1.01,650.73
BOTTOM,애니비아,5.0,3.88,7.35,4.89,18710.1765,21625.0,27.1176,10532.8824,185.0588,1433.06,0.82,783.37,441.0,1.14,905.41
UTILITY,잔나,1.22,4.22,13.84,5.56,7078.4547,16184.5109,88.3625,7849.5234,27.3984,1583.42,0.13,268.22,297.44,3.35,613.27
UTILITY,흐웨이,2.89,5.96,11.1,3.45,17271.5361,17367.8763,78.4021,8615.4742,40.3608,1597.04,0.34,648.88,323.68,2.95,652.5
MIDDLE,직스,4.68,5.0,6.48,3.44,25607.375,16929.375,23.8977,11440.9148,214.0568,1578.74,1.23,973.21,434.81,0.91,643.4
MIDDLE,벨코즈,5.59,5.31,6.59,3.41,23408.0923,17788.8846,26.8462,11233.6154,201.6923,1626.81,1.51,863.34,414.32,0.99,656.09
TOP,트린다미어,5.63,6.12,3.67,2.22,20869.1819,33176.8829,23.9069,11788.1128,213.9746,1542.08,2.87,811.99,458.66,0.93,1290.86
MIDDLE,쉔,4.86,4.09,9.41,4.73,15834.0455,24721.3636,21.5909,10338.4545,183.5,1550.82,0.82,612.61,399.99,0.84,956.45
BOTTOM,트위치,8.81,5.97,5.9,3.68,23176.216,19541.2208,22.2768,12837.9584,184.2432,1555.28,0.96,894.1,495.27,0.86,753.87
TOP,스몰더,4.9,6.8,5.15,1.78,25615.0417,23563.3958,26.7708,11907.0938,223.0417,1681.38,0.92,914.07,424.91,0.96,840.86
TOP,코르키,4.81,6.49,4.08,1.95,23995.0632,23478.4316,24.5684,11264.8737,213.3474,1566.51,1.86,919.05,431.47,0.94,899.27
JUNGLE,자헨,5.93,4.9,7.11,4.1,17764.8592,34319.4085,30.5634,11190.2676,170.2817,1542.44,0.77,691.04,435.3,1.19,1335.01
MIDDLE,제이스,6.15,5.82,5.97,3.09,24356.341,20875.9693,27.1801,11998.6705,212.2759,1570.16,1.74,930.72,458.5,1.04,797.72
MIDDLE,자크,4.36,4.34,6.96,4.4,16794.6729,35842.6075,16.9346,9538.2617,163.2056,1463.28,1.31,688.64,391.1,0.69,1469.68
TOP,마오카이,2.44,4.74,7.74,3.52,17479.5825,37799.2573,22.3786,9405.835,175.2573,1594.63,0.87,657.69,353.91,0.84,1422.24
MIDDLE,자이라,3.88,4.35,6.44,2.74,25862.4706,15676.3824,28.5588,11016.3235,219.3529,1580.59,0.76,981.75,418.19,1.08,595.08
UTILITY,리산드라,2.0,5.81,11.38,3.4,10722.9286,18027.5,76.5952,7612.0714,40.1429,1423.93,0.12,451.83,320.75,3.23,759.62
MIDDLE,피즈,6.78,5.01,5.48,3.68,19101.4518,20401.6576,23.6961,11490.2074,188.5016,1585.1,1.88,723.04,434.93,0.9,772.25
UTILITY,크산테,3.04,6.93,7.8,2.43,11496.0545,24572.6182,65.9455,7742.6727,36.5636,1527.78,0.38,451.48,304.08,2.59,965.03
TOP,엘리스,4.67,5.25,3.58,2.32,20655.6667,22882.3333,25.5,10668.8333,176.3333,1548.92,2.25,800.13,413.28,0.99,886.39
UTILITY,신지드,2.24,7.14,13.33,2.74,8619.8095,25524.9048,74.1429,8138.0476,47.381,1546.43,0.33,334.44,315.75,2.88,990.34
TOP,나서스,3.69,5.46,4.87,2.16,18994.7303,35228.6546,22.7039,10283.2336,182.3388,1567.9,1.42,726.88,393.52,0.87,1348.12
TOP,우르곳,6.37,4.9,4.09,3.12,21649.8885,24940.9207,31.0622,11870.2004,204.1426,1574.58,2.54,824.98,452.32,1.18,950.38
MIDDLE,크산테,3.61,4.31,6.1,3.32,16600.0099,29724.5941,21.4455,10224.8713,196.2376,1563.15,1.0,637.18,392.47,0.82,1140.95
BOTTOM,코그모,7.3,6.66,6.26,2.7,28480.6833,20808.5516,22.395,13268.3452,214.8505,1584.77,0.94,1078.29,502.34,0.85,787.82
BOTTOM,아우렐리온 솔,6.66,5.27,8.94,4.14,24213.6092,20401.7689,18.5126,12981.0252,213.958,1637.09,0.66,887.44,475.76,0.68,747.73
UTILITY,우디르,2.0,6.57,10.43,2.88,6500.4286,29326.5,77.0714,8088.8571,45.7857,1586.71,0.14,245.81,305.87,2.91,1108.95
UTILITY,말파이트,3.5,9.79,9.21,1.46,15697.7857,26699.5714,84.5714,9172.1429,42.7857,1743.0,0.36,540.37,315.74,2.91,919.09
TOP,조이,5.26,6.14,6.46,2.28,24753.84,20480.2,32.34,10803.42,188.12,1626.32,2.32,913.25,398.57,1.19,755.58
MIDDLE,자헨,3.75,5.1,5.0,2.67,17652.6375,34789.5,25.125,10442.2875,195.7625,1543.4,0.91,686.25,405.95,0.98,1352.45
UTILITY,스카너,2.8,6.12,13.71,4.31,13516.4855,24338.7101,90.029,8633.9203,31.2391,1632.49,0.24,496.78,317.33,3.31,894.54
UTILITY,아우렐리온 솔,2.0,3.5,3.0,1.54,5129.5,8460.0,36.5,4613.5,22.5,914.0,0.5,336.73,302.86,2.4,555.36
JUNGLE,올라프,6.61,5.37,6.53,3.5,18305.6076,27796.8608,28.443,11760.1646,182.3291,1557.19,1.03,705.33,453.13,1.1,1071.04
MIDDLE,케넨,6.09,5.61,6.4,3.1,22597.7025,20800.7603,27.0744,11202.7355,189.1322,1557.83,2.15,870.35,431.47,1.04,801.14
TOP,모르가나,4.0,3.67,9.67,5.0,13937.3333,17056.3333,32.0,11054.3333,205.6667,1560.67,1.33,535.82,424.99,1.23,655.73
TOP,가렌,5.28,5.04,3.33,2.62,19011.9974,28265.4585,24.9196,11201.8248,204.7457,1556.85,2.12,732.71,431.71,0.96,1089.33
MIDDLE,럭스,5.81,4.3,7.67,4.87,22650.2955,14242.435,29.7423,11523.8511,210.3948,1625.8,1.46,835.91,425.29,1.1,525.62
MIDDLE,카서스,5.98,7.66,7.2,2.37,28670.9545,22520.9773,25.7955,11170.0682,197.8864,1618.14,1.64,1063.11,414.18,0.96,835.07
MIDDLE,피들스틱,4.38,5.98,7.14,2.88,19320.881,24517.1667,43.4524,8976.4286,146.2619,1513.17,1.1,766.11,355.93,1.72,972.15
UTILITY,자크,2.52,5.98,12.66,4.32,12151.87,31453.69,78.55,8544.8,39.77,1612.39,0.21,452.19,317.97,2.92,1170.45
TOP,아크샨,7.23,5.88,4.56,3.38,23672.3733,20530.0,25.0133,12004.24,192.6533,1588.01,2.09,894.41,453.56,0.95,775.69
TOP,신 짜오,5.08,7.38,4.57,1.81,21126.1973,29021.7982,22.843,10569.2511,174.5561,1571.69,2.56,806.5,403.49,0.87,1107.92
UTILITY,제라스,3.78,6.09,10.58,3.03,20524.8328,16543.8142,73.8204,9018.1362,43.5449,1612.38,0.47,763.77,335.58,2.75,615.63
TOP,드레이븐,6.56,6.51,3.95,2.3,23926.1886,21755.0789,27.8728,13141.6579,219.6754,1571.86,2.79,913.29,501.63,1.06,830.42
UTILITY,케넨,3.65,7.26,10.73,2.77,18328.1548,19767.6548,81.8571,8557.9881,37.5357,1545.29,0.49,711.64,332.29,3.18,767.53
MIDDLE,유나라,4.87,5.61,4.3,2.42,23341.3043,22321.7391,23.913,11696.2174,218.5652,1492.17,1.57,938.55,470.3,0.96,897.55
JUNGLE,아이번,2.69,3.65,12.13,6.11,9998.9101,13192.3633,34.2451,10243.8166,148.9242,1558.14,0.44,385.03,394.46,1.32,508.0
MIDDLE,시비르,4.67,5.08,4.33,1.87,20659.3333,18889.0,23.75,11355.75,225.0,1453.92,0.75,852.57,468.63,0.98,779.51
UTILITY,카시오페아,4.0,6.79,10.97,3.62,16792.6207,18952.1724,89.0345,8754.069,34.931,1578.21,0.62,638.42,332.81,3.38,720.52
TOP,카타리나,5.69,6.03,4.75,2.31,21104.0313,23467.2813,22.2188,10494.625,180.9063,1506.41,2.31,840.57,418.0,0.88,934.7
MIDDLE,트위치,6.39,5.35,5.87,3.79,18723.0968,17813.3548,21.0,10382.0645,170.9032,1475.26,1.19,761.48,422.25,0.85,724.48
MIDDLE,나피리,7.05,4.93,5.32,3.81,20883.5283,21917.9313,21.0889,11733.1253,194.2911,1566.81,2.11,799.72,449.31,0.81,839.33
MIDDLE,올라프,6.25,3.88,3.88,3.98,16749.5,22554.75,22.25,11144.875,197.25,1433.75,2.75,700.94,466.39,0.93,943.88
JUNGLE,우디르,6.72,4.64,6.85,4.77,19178.4926,27888.9614,36.0326,12096.2522,192.5608,1616.81,1.32,711.71,448.89,1.34,1034.96
MIDDLE,리븐,6.14,4.34,4.9,3.96,17102.08,20448.85,23.05,11358.89,191.99,1475.06,1.78,695.65,462.04,0.94,831.78
TOP,모데카이저,5.23,5.35,4.06,2.74,21602.6234,28521.6845,21.7369,10667.6234,187.3928,1581.81,2.61,819.42,404.64,0.82,1081.87
MIDDLE,리 신,5.08,5.52,5.78,2.63,17394.775,28397.025,22.425,10570.1,190.3375,1499.5,1.38,696.02,422.94,0.9,1136.26
UTILITY,녹턴,4.86,10.14,12.0,1.83,18468.5714,35456.4286,87.1429,10600.0,53.5714,1899.71,1.0,583.31,334.79,2.75,1119.85
BOTTOM,신지드,6.96,5.59,10.1,4.54,23866.1703,28221.6703,18.1484,12754.4451,202.9835,1565.14,0.28,914.91,488.94,0.7,1081.88
BOTTOM,흐웨이,4.98,5.05,8.42,3.55,25635.2738,17762.8214,22.4881,12198.631,215.1429,1631.92,0.57,942.52,448.5,0.83,653.08
JUNGLE,그라가스,6.29,4.56,7.91,4.5,18193.8696,24714.8,32.0,11491.4348,169.4087,1586.41,0.71,688.12,434.62,1.21,934.75
UTILITY,제드,5.67,10.22,8.56,1.55,24455.1111,28435.2222,105.7778,11005.2222,47.7778,1916.22,0.67,765.73,344.59,3.31,890.35
UTILITY,바루스,1.78,6.22,5.22,1.25,12103.4444,14793.3333,57.1111,6553.7778,40.0,1337.11,0.56,543.12,294.09,2.56,663.82
MIDDLE,드레이븐,4.94,5.0,3.75,2.49,15656.6875,17787.5625,19.5625,10937.0,182.9375,1349.06,1.12,696.34,486.43,0.87,791.11
TOP,초가스,4.45,5.21,5.03,2.81,19917.2723,36625.1414,25.1414,10509.6545,190.7173,1603.99,1.31,745.04,393.13,0.94,1370.03
BOTTOM,아크샨,7.67,5.33,4.67,2.98,21351.0,20857.0,27.6667,15757.3333,247.0,1852.0,1.0,691.72,510.5,0.9,675.71
TOP,말자하,2.96,5.12,6.46,2.48,18551.44,16505.18,29.44,10493.8,211.66,1602.84,0.76,694.45,392.82,1.1,617.85
UTILITY,베인,5.09,7.38,8.03,2.27,16951.1471,18673.9412,81.0588,9378.5588,40.2059,1506.44,0.82,675.15,373.54,3.23,743.76
MIDDLE,문도 박사,3.09,4.73,4.36,3.25,21179.7273,50078.9091,18.8182,11094.6364,216.9091,1579.27,1.36,804.66,421.51,0.71,1902.61
MIDDLE,말파이트,3.73,4.39,7.03,3.74,17907.8333,20359.0351,22.2281,9696.9561,177.307,1513.5,0.89,709.92,384.42,0.88,807.1
BOTTOM,세나,4.68,5.71,9.68,3.9,20987.6774,19846.5161,25.3871,12339.2581,193.4516,1591.77,0.48,791.11,465.11,0.96,748.09
UTILITY,키아나,5.38,6.78,8.64,3.14,18116.8667,19542.3111,83.2889,9211.3778,43.3111,1530.02,0.8,710.46,361.23,3.27,766.35
TOP,탈론,5.55,6.65,4.9,2.6,20349.15,27513.85,22.9,11545.75,200.75,1591.1,2.6,767.36,435.39,0.86,1037.54
MIDDLE,세트,4.87,5.15,4.74,2.96,18717.2979,29180.2979,21.617,10145.5319,176.3191,1471.85,1.49,763.01,413.58,0.88,1189.53
TOP,오공,4.89,5.15,4.84,2.51,18690.5969,24043.4845,23.3101,10748.0465,189.5969,1544.13,2.14,726.26,417.63,0.91,934.25
MIDDLE,케이틀린,3.5,6.25,4.75,1.5,20316.75,22326.25,23.5,11007.5,218.25,1675.5,1.75,727.55,394.18,0.84,799.51
JUNGLE,모르가나,4.22,4.6,9.99,5.03,16745.6866,23561.791,33.1493,10733.3881,174.4328,1500.87,0.45,669.44,429.09,1.33,941.93
UTILITY,제이스,4.5,6.8,11.8,2.66,19656.95,19383.4,89.15,9715.65,57.6,1496.1,0.95,788.33,389.64,3.58,777.36
MIDDLE,신지드,4.45,4.51,9.02,4.39,17358.6154,26988.7356,22.7452,10692.2788,196.7548,1545.14,0.75,674.06,415.2,0.88,1048.01
TOP,다이애나,4.91,5.64,5.23,2.86,21440.8936,22002.4255,25.8085,10388.2128,187.1064,1549.89,2.0,830.03,402.15,1.0,851.77
TOP,자이라,4.33,5.67,9.33,2.67,29166.6667,21618.0,46.3333,12906.6667,242.0,1992.0,1.0,878.51,388.76,1.4,651.14
UTILITY,자이라,2.57,6.33,11.09,2.88,19539.25,18989.5928,93.9433,8804.7448,44.3402,1642.68,0.27,713.69,321.6,3.43,693.61
MIDDLE,노틸러스,2.67,6.22,6.56,2.92,14823.2222,26012.5556,19.8889,9059.5556,170.3333,1486.22,0.22,598.43,365.74,0.8,1050.15
MIDDLE,세주아니,3.9,4.85,8.3,2.94,20026.25,33561.1,24.7,10827.95,191.8,1666.35,0.95,721.08,389.88,0.89,1208.43
MIDDLE,우디르,3.38,3.75,8.88,3.82,16977.75,28170.5,15.875,9445.0,163.625,1396.62,0.88,729.38,405.76,0.68,1210.22
TOP,키아나,7.14,6.63,5.16,2.41,25958.7826,25896.6304,28.2065,12032.9348,196.5543,1674.17,3.23,930.33,431.24,1.01,928.1
JUNGLE,스카너,4.56,4.43,10.83,5.47,15883.5171,32662.4341,33.3366,10620.078,162.822,1576.78,0.47,604.4,404.12,1.27,1242.88
MIDDLE,베인,4.76,5.6,3.44,2.49,20103.08,19656.16,18.0,10249.84,192.56,1454.32,1.64,829.38,422.87,0.74,810.94
MIDDLE,제리,5.53,5.8,5.51,3.07,22205.0816,23591.2449,24.3673,12481.6735,229.3673,1554.43,1.18,857.1,481.79,0.94,910.61
TOP,빅토르,3.75,5.78,5.2,2.11,22252.6949,19170.7797,25.661,10292.5763,199.4746,1561.61,1.39,854.99,395.46,0.99,736.58
UTILITY,오로라,2.75,4.75,7.25,2.2,18210.75,15739.5,98.5,7918.5,43.0,1541.75,0.25,708.7,308.16,3.83,612.53
TOP,그레이브즈,4.23,6.13,4.4,2.49,22699.4333,23859.8667,24.4,11291.7,218.3,1549.67,1.87,878.88,437.19,0.94,923.81
MIDDLE,질리언,2.35,3.05,10.68,6.33,14187.4444,19390.4921,26.2222,9946.0317,188.1111,1608.84,0.38,529.11,370.93,0.98,723.15
TOP,소라카,0.97,3.68,10.77,4.57,9066.3548,16144.9677,22.3548,7992.2581,144.3548,1585.16,0.32,343.17,302.52,0.85,611.1
JUNGLE,리븐,6.76,4.97,7.24,4.66,15931.0588,26728.6176,28.1176,12237.7353,182.6765,1623.21,0.82,588.87,452.35,1.04,987.99
UTILITY,럼블,2.76,5.62,9.17,3.27,15128.5517,18251.0345,65.2759,7497.1724,31.5172,1438.17,0.41,631.16,312.78,2.72,761.43
MIDDLE,잭스,6.31,5.81,5.23,2.99,22275.0,30015.9231,28.5385,12025.5769,203.1538,1648.0,1.92,810.98,437.82,1.04,1092.81
MIDDLE,룰루,2.59,4.61,10.34,4.3,14003.1707,16944.2683,23.5854,8587.9268,147.3902,1461.56,0.71,574.86,352.55,0.97,695.6
UTILITY,초가스,3.67,6.5,10.0,3.3,12186.9444,20836.9444,67.0556,7790.1111,33.3889,1437.5,0.33,508.67,325.15,2.8,869.72
JUNGLE,워윅,8.0,5.24,7.08,4.54,15256.5701,31320.0181,28.6697,11641.7919,162.6335,1552.52,1.38,589.62,449.92,1.11,1210.42
BOTTOM,빅토르,5.93,5.14,7.68,4.08,26643.1216,16817.3243,25.0135,12744.7568,216.6892,1602.12,0.69,997.79,477.3,0.94,629.81
JUNGLE,니코,6.46,4.77,9.82,4.75,18538.2308,23545.4615,29.1538,12440.3846,185.0256,1662.97,0.85,668.86,448.85,1.05,849.52
UTILITY,오공,4.81,6.81,9.73,2.72,17712.5385,21941.1923,83.1538,9709.0769,52.9231,1652.5,1.27,643.12,352.52,3.02,796.65
JUNGLE,사이온,5.78,5.57,8.39,3.51,18236.0,32682.7826,30.6957,11499.7391,170.913,1616.83,0.52,676.73,426.75,1.14,1212.85
UTILITY,세트,2.7,7.61,8.68,2.06,11847.7193,26280.4035,76.614,7843.9474,36.4912,1528.44,0.4,465.09,307.92,3.01,1031.66
TOP,카르마,2.78,4.8,7.33,2.65,19412.1566,20268.6627,27.0482,9375.5422,172.3133,1567.77,1.0,742.92,358.81,1.04,775.7
JUNGLE,브랜드,5.05,4.95,10.3,4.39,21547.5641,24716.2393,34.0598,11651.7436,189.7265,1601.45,0.49,807.3,436.54,1.28,926.02
TOP,케인,4.35,6.28,4.41,1.9,20483.7975,31687.557,24.1519,10847.6835,201.7468,1587.96,1.68,773.97,409.87,0.91,1197.29
JUNGLE,마오카이,3.03,4.44,11.03,4.92,15531.5469,29250.0313,32.375,10437.0313,163.7813,1620.08,0.25,575.21,386.54,1.2,1083.28
TOP,에코,5.54,5.48,3.96,1.93,21114.4565,28259.5652,21.6522,10716.6304,181.7391,1544.93,2.11,820.01,416.2,0.84,1097.51
UTILITY,아지르,2.88,4.75,8.12,3.2,13436.0,16205.625,57.75,8278.375,40.25,1364.88,0.38,590.65,363.92,2.54,712.4
TOP,오리아나,3.72,5.4,5.19,2.5,19919.8605,18000.3023,25.0698,10183.4651,200.8837,1537.07,1.47,777.58,397.51,0.98,702.65
BOTTOM,자이라,3.42,4.5,6.58,2.41,19763.1667,13088.75,27.0833,9883.25,180.5,1422.17,0.5,833.79,416.97,1.14,552.2
UTILITY,에코,4.09,5.52,7.83,3.66,14376.8696,20960.2174,73.3043,8288.6087,40.4783,1435.13,0.48,601.07,346.53,3.06,876.31
MIDDLE,애니,5.32,5.47,7.41,3.56,22331.1885,17548.332,24.7787,10644.9836,185.9672,1601.61,1.46,836.58,398.79,0.93,657.4
TOP,람머스,2.4,4.6,9.07,3.14,13463.3,25734.7667,25.0667,9142.5333,150.3333,1596.43,0.67,506.0,343.61,0.94,967.21
MIDDLE,아트록스,5.33,5.33,5.21,3.24,19458.0952,28327.881,24.8016,10387.2937,180.2857,1525.4,1.77,765.37,408.57,0.98,1114.25
TOP,칼리스타,3.0,8.92,4.08,0.86,17361.9167,23509.1667,27.9167,9636.0,178.8333,1563.75,0.75,666.16,369.73,1.07,902.03
UTILITY,브랜드,2.98,7.65,9.89,2.44,17429.562,21738.876,82.6116,8529.2727,40.9008,1584.15,0.3,660.15,323.05,3.13,823.36
BOTTOM,요네,2.78,6.78,3.44,1.26,9789.3333,17421.1111,15.3333,7503.0,136.3333,1204.33,0.22,487.71,373.8,0.76,867.92
UTILITY,카서스,6.14,9.86,11.29,1.81,25477.7143,23330.8571,72.2857,9898.2857,50.5714,1608.71,1.29,950.24,369.18,2.7,870.17
UTILITY,트런들,2.05,5.64,13.41,3.26,7898.4545,26552.5455,78.8636,8216.7273,35.6364,1557.36,0.18,304.3,316.56,3.04,1022.98
TOP,쓰레쉬,1.0,4.67,2.67,0.73,6510.6667,14318.0,19.3333,7058.3333,140.0,1366.33,0.0,285.9,309.95,0.85,628.75
UTILITY,탈리야,3.41,6.41,9.49,2.7,14840.9868,17135.7763,77.6184,8386.3553,42.3158,1464.66,0.53,607.96,343.55,3.18,701.97
UTILITY,하이머딩거,3.11,6.52,9.59,2.89,18500.1288,18270.447,75.5833,8746.3258,40.697,1581.39,0.59,701.92,331.85,2.87,693.2
UTILITY,직스,3.2,6.6,8.4,2.35,18514.3,16415.1,62.6,8087.0,56.5,1385.8,0.5,801.6,350.14,2.71,710.71
BOTTOM,탈리야,5.31,7.35,9.96,3.13,20820.6538,19449.6538,23.8077,11994.4615,192.8462,1508.15,0.54,828.32,477.18,0.95,773.78
JUNGLE,노틸러스,4.0,5.0,9.67,3.16,13671.5,22642.0,34.1667,9468.8333,149.0,1483.17,0.67,553.07,383.05,1.38,915.96
UTILITY,코그모,5.38,8.88,12.88,2.19,32920.875,28916.0,111.125,12085.125,57.0,2013.5,0.88,981.0,360.12,3.31,861.66
BOTTOM,신드라,5.5,5.0,5.78,3.96,19880.7222,14424.8333,20.1667,11766.7222,199.5556,1487.0,0.83,802.18,474.78,0.81,582.04
UTILITY,아리,3.6,7.0,10.27,2.43,17320.4667,19551.4,70.7333,9293.8667,53.8,1590.4,0.6,653.44,350.62,2.67,737.6
UTILITY,탈론,3.5,5.5,3.0,1.2,9072.0,15429.5,46.5,6660.5,39.5,1190.5,0.5,457.22,335.68,2.34,777.63
JUNGLE,초가스,6.85,3.5,6.83,6.21,15760.8705,28572.4892,33.6906,11052.0791,172.6475,1516.26,0.79,623.67,437.34,1.33,1130.64
BOTTOM,세트,3.0,8.5,5.5,1.0,18303.5,43534.0,30.0,12011.0,224.5,1866.0,1.0,588.54,386.21,0.96,1399.81
TOP,럭스,4.33,5.67,8.17,2.69,18810.6667,14760.6667,38.1667,10772.6667,204.3333,1645.67,1.33,685.83,392.76,1.39,538.16
MIDDLE,뽀삐,4.41,3.68,6.41,4.33,16330.7727,23063.3182,21.0,9176.2273,161.4091,1425.23,1.36,687.5,386.31,0.88,970.93
BOTTOM,하이머딩거,6.22,5.54,7.53,3.84,27671.464,16711.944,22.24,12469.664,205.84,1569.78,1.1,1057.65,476.61,0.85,638.76
UTILITY,케이틀린,3.81,5.5,6.62,2.79,13265.0,14045.1875,73.4375,8180.4375,37.8125,1424.56,0.31,558.7,344.55,3.09,591.56
MIDDLE,킨드레드,0.0,7.0,2.0,0.29,7348.0,12819.0,12.0,4247.0,101.0,917.0,0.0,480.79,277.88,0.79,838.76
UTILITY,야스오,2.0,8.75,7.5,1.01,11070.25,22877.75,66.75,8856.25,77.0,1663.25,0.0,399.35,319.48,2.41,825.29
UTILITY,트위스티드 페이트,2.05,5.95,12.65,4.13,9408.35,18515.3,76.55,8525.7,40.2,1598.0,0.15,353.25,320.11,2.87,695.19
JUNGLE,볼리베어,5.73,4.63,6.74,4.19,14994.0968,28275.1613,29.0484,11004.5323,168.4355,1531.29,0.74,587.51,431.19,1.14,1107.9
MIDDLE,다리우스,8.0,5.5,3.12,5.87,19191.375,28738.875,25.0,11953.625,200.0,1518.12,2.75,758.49,472.44,0.99,1135.83
TOP,애니,4.0,4.5,8.5,3.0,23528.0,15904.0,23.5,9249.0,158.0,1533.5,1.5,920.56,361.88,0.92,622.26
MIDDLE,퀸,7.43,6.51,5.0,2.75,23106.1944,21994.4583,24.8889,12220.5556,192.3333,1634.53,2.22,848.18,448.59,0.91,807.37
MIDDLE,요릭,2.9,3.9,4.0,2.22,19364.25,24444.35,19.85,10466.3,215.9,1518.7,0.7,765.03,413.5,0.78,965.73
JUNGLE,트린다미어,6.5,8.0,5.0,1.52,20978.0,36388.5,26.0,13116.5,239.5,1844.0,1.0,682.58,426.78,0.85,1184.01
MIDDLE,럼블,6.45,5.02,7.59,3.82,24393.0095,21833.6667,25.0476,11087.619,188.5143,1601.37,1.44,913.95,415.43,0.94,818.06
UTILITY,자헨,1.0,6.67,4.33,0.88,11046.3333,31487.3333,62.3333,7128.6667,37.0,1513.0,0.0,438.06,282.7,2.47,1248.67
TOP,흐웨이,4.31,5.62,5.69,2.78,21851.3846,18164.9231,26.4615,11007.2308,205.0,1648.85,1.77,795.15,400.54,0.96,661.0
TOP,마스터 이,5.85,6.79,3.31,1.73,19785.2766,25530.6809,22.0,10648.6702,173.1383,1561.84,2.94,760.08,409.08,0.85,980.79
UTILITY,이즈리얼,3.44,8.78,9.33,1.5,26467.0,23432.8889,99.1111,9971.5556,49.5556,1798.78,0.22,882.83,332.61,3.31,781.63
TOP,나피리,5.81,4.58,5.0,3.42,21022.5072,21493.058,25.1014,11142.1014,191.029,1535.52,2.32,821.45,435.37,0.98,839.83
UTILITY,렉사이,3.6,9.8,9.4,1.36,11613.8,28565.8,82.6,8854.4,27.4,1721.0,0.6,404.9,308.69,2.88,995.9
TOP,카서스,6.75,12.25,9.25,1.47,36048.75,32151.25,29.25,13476.75,233.125,1846.88,2.75,1171.13,437.82,0.95,1044.51
UTILITY,문도 박사,2.06,5.82,8.65,4.04,15210.6471,25387.5882,60.0588,7132.9412,33.5294,1397.76,0.18,652.93,306.19,2.58,1089.78
UTILITY,애니,2.54,6.15,11.38,2.45,11962.0769,16011.6923,72.6923,8022.5385,31.7692,1515.0,0.31,473.75,317.72,2.88,634.13
TOP,벨베스,4.43,3.95,3.7,3.77,16617.119,23687.1905,22.119,9997.8333,179.4167,1434.54,2.2,695.02,418.16,0.93,990.73
MIDDLE,자르반 4세,5.45,4.73,7.73,4.44,17304.2727,19635.3636,19.9091,10787.9091,170.9091,1431.73,1.91,725.18,452.09,0.83,822.87
UTILITY,말자하,1.17,7.83,8.83,1.15,11333.5,18137.1667,75.0,7419.8333,41.5,1515.5,0.33,448.7,293.76,2.97,718.07
UTILITY,벨베스,4.33,5.83,10.33,2.96,12536.5,20800.3333,76.3333,9607.1667,35.1667,1560.5,0.5,482.02,369.39,2.93,799.76
TOP,니코,3.99,4.99,7.28,3.26,20074.3735,19127.988,27.7349,10497.4217,190.2169,1588.45,1.25,758.26,396.52,1.05,722.52
JUNGLE,쉔,4.86,4.14,10.95,5.3,14671.7619,29710.8095,34.7143,11694.4286,178.4286,1683.86,0.33,522.79,416.7,1.24,1058.67
JUNGLE,카이사,4.82,6.36,3.91,1.5,12956.0909,19306.0,24.0,9838.2727,154.4545,1344.82,0.09,578.05,438.94,1.07,861.35
UTILITY,벡스,4.0,8.5,16.0,2.47,26449.75,26260.25,117.5,10960.75,54.25,1914.75,0.25,828.82,343.46,3.68,822.88
MIDDLE,카이사,6.92,6.38,5.11,2.18,27112.2432,24669.2973,25.2973,13275.3514,227.9189,1690.78,1.76,962.12,471.1,0.9,875.43
MIDDLE,진,9.4,5.2,8.0,3.24,28527.8,20567.0,18.6,11915.8,188.8,1535.0,1.4,1115.09,465.76,0.73,803.92
MIDDLE,가렌,4.84,4.86,4.67,3.06,17228.1494,29371.3448,27.9655,11296.8276,213.4828,1605.75,1.17,643.74,422.11,1.04,1097.48
TOP,비에고,6.16,6.16,3.91,2.6,22271.8276,29154.7931,22.3103,11844.1034,205.0172,1581.84,2.59,844.78,449.25,0.85,1105.85
MIDDLE,그웬,5.09,5.45,5.45,2.86,22198.0455,27890.4545,27.6364,10885.5455,191.7727,1558.36,1.55,854.67,419.11,1.06,1073.84
TOP,알리스타,1.33,6.33,9.67,1.93,14103.6667,29796.6667,19.0,7828.3333,116.6667,1578.33,0.67,536.15,297.59,0.72,1132.71
TOP,탈리야,3.33,5.33,4.67,1.53,18069.1111,16195.0,24.4444,9734.6667,186.1111,1447.44,0.56,749.01,403.53,1.01,671.32
MIDDLE,애쉬,1.0,3.33,3.0,1.39,10382.0,7943.6667,9.0,6773.3333,158.0,1162.33,0.33,535.92,349.64,0.46,410.05
JUNGLE,브라이어,8.23,6.57,6.91,3.32,20125.6407,30772.0704,28.637,12571.6,174.8963,1588.25,1.54,760.3,474.92,1.08,1162.49
MIDDLE,우르곳,5.67,5.24,3.88,2.54,18125.9394,23376.303,27.697,11055.0909,192.4242,1487.58,1.7,731.09,445.9,1.12,942.86
UTILITY,신 짜오,4.82,9.73,8.0,1.66,17523.7273,27192.0,83.3636,9249.1818,38.5455,1631.36,0.82,644.51,340.18,3.07,1000.1
JUNGLE,티모,3.0,4.71,2.43,1.25,15748.2857,16743.0,35.1429,9227.5714,164.5714,1520.86,0.43,621.29,364.04,1.39,660.54
TOP,케이틀린,3.8,7.1,3.7,1.38,17264.5,18697.4,21.7,10207.2,190.5,1495.4,1.2,692.7,409.54,0.87,750.2
UTILITY,바이,3.28,6.5,10.67,2.55,11169.0,19705.9444,75.7778,8041.8333,33.2222,1440.5,0.28,465.21,334.96,3.16,820.8
MIDDLE,아펠리오스,5.0,5.43,3.57,1.79,19747.7143,20489.5714,21.5714,11196.8571,200.7143,1482.14,1.29,799.43,453.27,0.87,829.46
MIDDLE,이블린,5.67,7.0,6.17,1.96,18813.3333,24578.1667,22.0,10005.3333,153.5,1639.33,2.17,688.57,366.2,0.81,899.57
MIDDLE,케일,4.52,5.8,6.26,2.56,19398.7826,24358.4783,24.8478,11802.9348,233.2609,1661.52,0.89,700.52,426.22,0.9,879.62
MIDDLE,일라오이,4.43,5.29,3.5,3.43,19727.6429,31332.5714,26.3571,11229.9286,220.7857,1586.57,2.43,746.05,424.69,1.0,1184.92
MIDDLE,티모,2.8,4.2,3.1,1.87,14748.9,17779.5,29.6,9070.9,185.3,1458.4,1.0,606.78,373.19,1.22,731.47
UTILITY,베이가,3.68,6.55,10.24,2.76,16067.5263,19442.3553,85.5395,9073.7237,43.2632,1623.32,0.36,593.88,335.38,3.16,718.62
MIDDLE,그레이브즈,6.09,6.45,5.45,3.71,21512.5455,21557.6364,21.7273,10717.7273,196.8182,1463.09,1.36,882.21,439.52,0.89,884.06
TOP,카이사,5.87,6.65,4.35,2.29,23274.4348,23311.7391,24.3043,12162.8261,210.7826,1616.91,1.91,863.66,451.34,0.9,865.05
MIDDLE,브랜드,4.55,5.9,6.9,2.51,24863.55,22277.85,28.05,10363.2667,190.9833,1631.0,0.75,914.66,381.24,1.03,819.54
MIDDLE,코그모,5.7,5.5,5.15,2.72,25659.7,17119.5,21.6,11739.0,203.6,1576.5,1.15,976.58,446.77,0.82,651.55
MIDDLE,바이,8.0,6.22,6.78,3.99,23038.2222,20741.0,22.3333,11488.0,174.8889,1557.44,3.67,887.54,442.57,0.86,799.04
TOP,피들스틱,3.82,6.53,6.3,2.23,20117.8947,26775.1228,49.6667,9448.1754,155.2632,1631.44,1.46,739.88,347.48,1.83,984.72
JUNGLE,아우렐리온 솔,8.0,5.5,9.12,3.67,22856.375,24722.25,34.875,13295.0,184.875,1702.62,0.62,805.45,468.51,1.23,871.2
TOP,코그모,2.43,8.71,2.0,0.52,19060.4286,21575.1429,20.4286,8964.8571,180.0,1456.57,1.43,785.15,369.29,0.84,888.74
JUNGLE,쉬바나,5.16,5.0,6.42,4.05,19993.2105,31703.5789,34.7368,11879.2105,213.3684,1543.58,0.89,777.15,461.75,1.35,1232.34
MIDDLE,오른,3.15,4.0,6.0,3.33,12237.6923,23939.5385,21.2308,9356.6923,177.1538,1477.46,0.62,496.98,379.98,0.86,972.19
BOTTOM,트위스티드 페이트,4.17,3.83,8.5,4.7,15559.1667,16471.0,30.1667,12575.5,194.3333,1392.5,0.67,670.41,541.85,1.3,709.7
MIDDLE,피오라,5.43,5.1,4.62,3.26,20215.1429,29254.4762,19.9524,11414.381,201.3333,1474.33,1.76,822.68,464.52,0.81,1190.55
TOP,질리언,3.33,4.25,9.75,4.12,18445.5,22766.0833,28.25,10606.75,192.75,1792.42,0.58,617.45,355.05,0.95,762.08
MIDDLE,워윅,5.97,5.13,4.0,2.69,16142.7895,29519.2895,21.4211,10608.5789,194.3947,1494.95,1.53,647.89,425.78,0.86,1184.76
BOTTOM,이렐리아,5.0,10.67,3.67,0.88,15984.0,29790.6667,20.0,12053.0,215.3333,1521.0,1.33,630.53,475.46,0.79,1175.17
JUNGLE,아무무,3.74,5.33,9.9,4.12,13840.0103,25703.1959,27.5258,10372.3196,162.6701,1583.78,0.51,524.31,392.94,1.04,973.74
TOP,아리,4.1,3.7,4.9,2.7,21576.3,17083.6,24.9,10133.55,194.0,1470.15,1.3,880.58,413.57,1.02,697.22
TOP,스카너,3.16,6.26,7.11,3.83,19238.3158,33590.1579,24.8421,9471.2632,160.8947,1663.63,1.26,693.84,341.59,0.9,1211.45
BOTTOM,럭스,8.0,0.0,4.0,12.0,9919.0,4900.0,8.0,8657.0,145.0,921.0,1.0,646.19,563.97,0.52,319.22
MIDDLE,신 짜오,5.88,6.4,4.76,2.51,21401.04,28034.48,26.36,10743.36,182.96,1522.88,1.8,843.18,423.28,1.04,1104.53
UTILITY,리 신,5.45,9.1,10.9,2.21,17208.15,27123.5,77.5,9841.65,40.75,1692.65,0.75,609.98,348.86,2.75,961.46
TOP,카사딘,4.57,5.02,3.41,2.32,19408.3182,26528.7727,21.2273,11367.6591,193.8636,1573.91,1.5,739.88,433.35,0.81,1011.32
UTILITY,비에고,5.12,5.62,5.5,2.07,15551.75,17678.0,81.25,8747.875,28.0,1525.5,0.5,611.67,344.07,3.2,695.3
MIDDLE,아이번,3.11,3.93,10.39,5.81,15946.0,15336.0357,31.2857,10275.5714,169.5714,1675.54,0.93,571.02,367.96,1.12,549.17
MIDDLE,마스터 이,6.17,6.6,3.11,1.73,17765.2286,24508.2286,19.9143,10629.5429,175.0,1499.31,2.09,710.93,425.38,0.8,980.78
UTILITY,피즈,4.8,6.0,6.8,2.13,13477.8,19581.0,65.2,8702.8,38.2,1517.0,0.8,533.07,344.21,2.58,774.46
MIDDLE,카직스,5.5,6.0,5.0,1.84,14336.0,18515.0,20.0,8302.5,132.0,1357.5,2.0,633.64,366.96,0.88,818.34
JUNGLE,제리,6.33,6.33,8.33,2.13,18720.6667,23048.6667,38.6667,10863.3333,167.6667,1488.33,1.0,754.7,437.94,1.56,929.17
UTILITY,아칼리,6.67,9.67,11.0,2.02,21634.6667,26480.0,57.3333,9368.0,44.0,1480.33,1.67,876.88,379.7,2.32,1073.27
MIDDLE,하이머딩거,5.44,4.75,6.21,3.55,29353.0625,17870.4375,33.6667,12163.8333,217.3125,1741.25,1.6,1011.45,419.14,1.16,615.78
UTILITY,누누와 윌럼프,4.27,7.68,15.0,3.47,14860.9091,29474.1818,80.1364,9340.4545,37.1818,1666.91,0.86,534.91,336.21,2.88,1060.92
TOP,이즈리얼,5.2,6.6,6.6,6.72,23366.8,23577.2,27.4,11080.8,192.8,1601.8,2.8,875.27,415.06,1.03,883.15
BOTTOM,크산테,1.33,4.0,4.0,1.33,7868.3333,26136.0,21.6667,8596.0,148.3333,1488.67,0.33,317.13,346.46,0.87,1053.4
TOP,바이,5.61,5.72,4.06,2.52,18378.2778,21321.6667,21.5,10788.2778,180.3333,1559.78,2.0,706.96,414.99,0.83,820.18
BOTTOM,키아나,9.0,5.73,6.46,5.85,25532.6923,23337.0,23.3077,12298.8846,174.8077,1541.46,0.35,993.84,478.72,0.91,908.37
TOP,브라이어,6.08,10.31,4.46,1.63,23617.3846,38298.7692,24.2308,11146.6154,173.8462,1713.54,3.0,826.97,390.3,0.85,1341.04
BOTTOM,르블랑,24.0,2.0,5.0,14.5,41955.0,28599.0,40.0,20500.0,258.0,1972.0,8.0,1276.52,623.73,1.22,870.15
TOP,아펠리오스,3.67,9.67,2.67,0.66,15403.3333,20998.0,13.6667,8882.6667,152.0,1392.33,1.33,663.78,382.78,0.59,904.87
UTILITY,요릭,1.0,2.0,8.0,5.0,8886.0,11361.0,61.6667,7090.3333,46.3333,1324.0,0.33,402.69,321.31,2.79,514.85
UTILITY,오른,2.3,4.9,8.2,4.59,10787.0,20921.1,69.7,7317.9,32.2,1411.6,0.3,458.5,311.05,2.96,889.25
BOTTOM,모르가나,5.0,11.0,13.0,1.64,22399.0,34050.0,23.0,12537.0,175.0,1884.0,2.0,713.34,399.27,0.73,1084.39
TOP,세나,3.67,4.2,12.2,5.55,23299.2,22483.2667,32.1333,11408.6,192.7333,1738.87,0.73,803.94,393.66,1.11,775.79
UTILITY,다리우스,4.0,7.33,10.67,2.07,9874.0,36334.3333,131.6667,9983.0,45.6667,2046.67,0.0,289.47,292.66,3.86,1065.18
BOTTOM,카르마,4.67,8.33,10.67,1.9,19401.3333,23423.0,12.6667,11004.3333,177.3333,1537.0,0.67,757.37,429.58,0.49,914.37
TOP,벡스,5.55,4.0,8.64,6.67,24353.8182,15568.9091,26.2727,11226.9091,201.0,1657.09,0.91,881.8,406.5,0.95,563.72
BOTTOM,비에고,10.0,4.73,6.0,5.19,22487.7273,25422.4545,22.8182,14324.5455,203.5455,1690.73,0.27,798.04,508.34,0.81,902.18
UTILITY,가렌,2.25,8.0,7.25,1.35,11187.25,29499.75,94.25,9094.5,53.0,1778.0,0.0,377.52,306.9,3.18,995.49
TOP,타릭,2.0,9.0,12.75,1.75,13237.5,36999.0,23.75,9902.75,150.5,1842.5,0.25,431.07,322.48,0.77,1204.85
TOP,베이가,5.23,4.77,5.15,2.73,22391.4615,19631.3846,33.4615,11835.7692,219.0,1729.08,1.0,777.0,410.71,1.16,681.22
BOTTOM,아지르,4.83,4.0,6.17,3.0,17240.6667,17308.6667,19.6667,10051.1667,173.0,1422.83,0.0,727.03,423.85,0.83,729.9
UTILITY,스몰더,0.0,3.5,5.0,1.54,8418.0,11182.0,59.0,5532.5,39.5,1208.0,0.0,418.11,274.79,2.93,555.4
BOTTOM,사이온,0.0,5.0,7.0,1.4,5968.0,25035.0,23.0,6956.0,136.0,1214.0,0.0,294.96,343.79,1.14,1237.31
UTILITY,사이온,3.17,7.83,11.14,2.07,13340.4828,30691.1724,78.5172,8617.7931,38.4828,1621.93,0.17,493.5,318.8,2.9,1135.36
TOP,멜,4.0,6.33,3.33,1.14,14811.3333,15705.0,16.0,8347.0,158.6667,1390.33,0.33,639.18,360.22,0.69,677.75
BOTTOM,가렌,1.5,4.5,1.0,0.5,4064.0,13322.5,14.0,5273.0,68.0,1133.0,0.5,215.22,279.24,0.74,705.52
JUNGLE,진,2.5,1.5,4.0,3.75,10706.0,16259.0,27.0,9836.0,184.0,1499.0,0.0,428.53,393.7,1.08,650.79
UTILITY,아이번,0.95,5.48,19.81,6.18,7585.6667,16739.0476,62.2381,8401.381,28.1429,1616.9,0.05,281.49,311.76,2.31,621.15
JUNGLE,이즈리얼,2.67,3.67,5.33,2.56,9879.3333,14591.0,16.6667,7488.3333,119.6667,1127.0,0.67,525.96,398.67,0.89,776.81
BOTTOM,자크,3.0,6.0,5.0,1.33,9350.0,31505.0,14.0,8034.0,120.0,1369.0,0.0,409.79,352.11,0.61,1380.79
BOTTOM,다리우스,6.0,14.0,6.0,0.86,16223.0,47880.0,24.0,12557.0,183.0,1849.0,1.0,526.44,407.47,0.78,1553.7
BOTTOM,라이즈,7.5,6.33,6.17,2.24,27849.1667,29605.5,21.6667,14919.1667,253.6667,1816.17,0.83,920.04,492.88,0.72,978.07
UTILITY,신드라,4.09,5.23,8.55,3.39,20374.7273,16335.3182,80.5909,9500.3182,51.6364,1638.77,1.0,745.98,347.83,2.95,598.08
UTILITY,피오라,3.0,3.75,8.5,3.88,14169.5,18338.25,72.0,7730.5,29.75,1363.25,0.25,623.63,340.24,3.17,807.11
TOP,시비르,6.0,11.0,5.0,1.0,16329.0,27828.0,28.0,14833.0,239.0,1751.0,3.0,559.53,508.27,0.96,953.56
JUNGLE,트위치,10.91,7.36,7.0,2.83,25369.5455,22816.3636,27.8182,13569.6364,168.0,1654.36,1.73,920.1,492.14,1.01,827.5
BOTTOM,브랜드,5.82,5.45,9.82,3.36,24368.3636,19113.6364,23.5455,11869.6364,189.1818,1561.0,0.82,936.64,456.23,0.91,734.67
UTILITY,클레드,2.33,6.0,8.56,1.8,12187.5556,28317.5556,76.5556,8042.7778,43.0,1545.22,0.33,473.24,312.3,2.97,1099.55
JUNGLE,가렌,2.0,2.0,0.0,1.0,2082.0,13816.0,16.0,8198.0,170.0,1273.0,0.0,98.13,386.39,0.75,651.19
UTILITY,칼리스타,5.67,6.67,15.0,3.86,21555.3333,22165.3333,82.6667,10872.6667,46.3333,1630.67,0.67,793.12,400.06,3.04,815.57
BOTTOM,람머스,5.5,6.0,6.5,1.94,15082.0,27499.0,18.0,11523.5,146.5,1511.0,0.0,598.89,457.58,0.71,1091.95
MIDDLE,벨베스,5.88,5.25,7.5,4.34,20312.0,34610.125,26.125,12211.25,205.875,1748.38,1.25,697.06,419.06,0.9,1187.74
TOP,진,5.0,4.67,3.33,1.83,16963.0,17020.3333,19.0,10180.0,172.6667,1452.0,0.67,700.95,420.66,0.79,703.32
UTILITY,카타리나,8.6,8.2,10.4,3.02,20212.2,22102.4,72.4,10550.2,55.4,1572.6,0.6,771.16,402.53,2.76,843.28
BOTTOM,오로라,4.67,4.0,5.44,4.36,23389.6667,18486.7778,26.1111,10975.6667,187.0,1552.67,0.44,903.85,424.13,1.01,714.39
UTILITY,미스 포츈,2.4,5.6,11.2,2.35,17189.4,18068.0,100.0,8795.2,39.8,1663.8,0.4,619.88,317.17,3.61,651.57
UTILITY,그레이브즈,0.0,9.0,0.0,0.0,5151.0,24220.0,60.0,5605.0,26.0,1418.0,0.0,217.95,237.17,2.54,1024.82
JUNGLE,모데카이저,7.62,4.9,5.62,4.85,21157.7143,33352.4762,30.381,12476.8571,189.6667,1629.71,1.38,778.95,459.35,1.12,1227.91
UTILITY,아크샨,6.0,4.6,5.4,3.3,16066.7,14480.7,76.8,9542.0,36.3,1566.7,0.9,615.31,365.43,2.94,554.57
TOP,이블린,3.88,5.88,3.38,1.93,17511.25,20826.375,23.75,8761.5,142.625,1582.25,1.75,664.04,332.24,0.9,789.75
TOP,유나라,3.0,10.0,7.0,1.0,33152.0,31881.0,49.0,13626.0,283.0,2191.0,2.0,907.86,373.14,1.34,873.05
MIDDLE,탐 켄치,3.83,6.0,8.67,3.02,15086.8333,32466.3333,31.3333,9428.3333,146.6667,1606.33,1.5,563.53,352.17,1.17,1212.69
MIDDLE,나르,5.4,5.27,7.8,3.72,22271.7333,27462.2,21.5333,11221.2,198.5333,1661.33,1.73,804.36,405.26,0.78,991.81
BOTTOM,피들스틱,4.0,5.0,5.0,1.8,11498.0,19263.0,35.0,9280.0,179.0,1326.0,0.0,520.27,419.91,1.58,871.63
MIDDLE,징크스,2.25,2.5,0.5,1.76,5508.0,6923.75,8.75,6615.25,137.75,918.5,0.5,359.8,432.13,0.57,452.29
TOP,쉬바나,2.57,9.71,3.0,0.52,21874.0,35001.1429,27.4286,11355.1429,212.1429,1543.14,1.71,850.5,441.51,1.07,1360.9
UTILITY,모데카이저,4.4,9.2,5.8,1.26,16014.0,30535.0,64.0,8626.0,34.8,1575.6,0.6,609.82,328.48,2.44,1162.8
UTILITY,트린다미어,1.83,7.83,5.67,1.14,7310.3333,23713.8333,40.8333,6591.6667,41.1667,1338.67,0.33,327.65,295.44,1.83,1062.87
BOTTOM,갈리오,2.0,7.0,24.0,3.71,18539.0,35291.0,30.0,13274.0,192.0,2032.0,0.0,547.41,391.95,0.89,1042.06
JUNGLE,타릭,2.0,4.0,11.5,3.92,7337.5,20576.5,19.5,7881.0,118.5,1263.0,0.0,348.57,374.39,0.93,977.51
UTILITY,아트록스,4.5,7.75,7.75,2.01,16769.75,25962.5,66.5,8545.25,38.0,1494.25,0.25,673.37,343.13,2.67,1042.5
TOP,브랜드,3.53,5.65,6.0,2.48,22721.1176,21405.8824,27.4118,9799.7647,180.6471,1681.06,1.12,810.96,349.77,0.98,764.01
BOTTOM,말자하,7.0,6.25,8.75,2.52,32038.5,20553.0,26.0,15087.0,253.25,1829.25,1.0,1050.87,494.86,0.85,674.15
JUNGLE,베인,4.57,6.86,2.86,1.11,14513.7143,21468.5714,27.1429,10586.4286,174.8571,1495.57,1.0,582.27,424.71,1.09,861.29
TOP,제리,5.0,7.67,3.67,1.18,23659.8333,28507.0,26.1667,12258.5,217.3333,1621.33,0.67,875.57,453.65,0.97,1054.95
JUNGLE,피즈,3.43,5.0,4.29,2.56,11068.5714,21852.1429,27.8571,9638.0,146.8571,1480.57,0.71,448.55,390.58,1.13,885.56
MIDDLE,소라카,1.33,5.67,8.0,2.58,8567.6667,18275.0,27.0,7905.0,138.3333,1539.0,0.33,334.02,308.19,1.05,712.48
MIDDLE,마오카이,2.5,4.5,3.5,2.46,14189.0,31783.5,22.0,8414.5,185.5,1418.5,0.0,600.17,355.92,0.93,1344.38
TOP,헤카림,2.0,5.0,1.5,0.58,10076.0,19057.5,22.0,6858.5,138.0,1280.0,1.0,472.31,321.49,1.03,893.32
UTILITY,사미라,1.0,8.0,4.0,0.62,5567.0,11387.0,20.0,4660.0,18.0,919.0,0.0,363.46,304.24,1.31,743.44
UTILITY,그웬,1.0,5.0,3.0,0.8,12192.0,24812.0,76.0,7696.0,40.0,1779.0,0.0,411.2,259.56,2.56,836.83
MIDDLE,볼리베어,3.5,5.88,5.88,3.17,16158.5,29342.0,17.875,9775.625,175.375,1525.75,1.12,635.43,384.43,0.7,1153.87
UTILITY,워윅,1.0,5.0,1.0,0.4,3111.0,11541.0,60.0,5515.0,33.0,1145.0,0.0,163.02,289.0,3.14,604.77
TOP,블리츠크랭크,0.0,3.0,2.0,0.67,3502.0,7096.0,4.0,3669.0,67.0,912.0,0.0,230.39,241.38,0.26,466.84
MIDDLE,샤코,3.0,4.0,5.0,2.0,9836.0,11769.0,9.0,5944.0,76.0,1351.0,0.0,436.83,263.98,0.4,522.68
BOTTOM,사일러스,6.0,11.25,8.25,1.2,20408.75,32301.0,18.0,11531.5,160.25,1639.25,0.75,747.0,422.08,0.66,1182.28
UTILITY,우르곳,4.5,13.0,5.5,0.81,10852.0,33624.5,83.5,8708.0,31.5,1753.0,0.0,371.43,298.05,2.86,1150.87
MIDDLE,엘리스,10.67,11.67,4.67,1.36,39770.6667,39807.3333,30.3333,15544.3333,185.6667,2004.0,5.0,1190.74,465.4,0.91,1191.84
JUNGLE,애쉬,7.0,2.0,24.0,15.5,20676.0,24465.0,32.0,13782.0,250.0,2005.0,1.0,618.73,412.43,0.96,732.12
JUNGLE,나서스,6.38,5.38,4.88,2.22,21860.125,36366.5,36.75,12543.375,185.25,1718.12,1.62,763.39,438.04,1.28,1269.98
TOP,카직스,2.0,4.0,0.0,0.5,6673.0,9630.0,5.0,4837.0,50.0,955.0,1.0,419.25,303.9,0.31,605.03
BOTTOM,리산드라,0.0,7.0,5.0,0.71,10847.0,26803.0,20.0,9431.0,193.0,1645.0,0.0,395.64,343.99,0.73,977.62
UTILITY,다이애나,3.0,5.5,11.0,2.5,17687.0,18334.5,66.0,8185.0,48.5,1375.0,0.5,771.8,357.16,2.88,800.05
TOP,아우렐리온 솔,4.25,7.25,9.25,3.7,18907.5,23446.25,26.0,9797.25,176.25,1691.75,2.0,670.58,347.47,0.92,831.55
JUNGLE,바드,0.0,3.0,2.0,0.67,1740.0,10148.0,17.0,4567.0,86.0,913.0,0.0,114.35,300.13,1.12,666.9
UTILITY,티모,3.56,5.78,9.44,2.48,18833.2222,16544.5556,83.3333,8890.8889,48.3333,1585.0,0.22,712.93,336.56,3.15,626.29
JUNGLE,신지드,4.0,6.67,9.0,1.79,11896.6667,24777.3333,17.3333,8862.6667,128.0,1374.0,0.33,519.51,387.02,0.76,1081.98
BOTTOM,제이스,7.5,10.5,6.0,1.25,32648.5,28407.5,35.0,15718.0,228.0,1876.5,2.5,1043.92,502.57,1.12,908.31
BOTTOM,티모,4.5,7.5,4.5,1.65,24000.0,23873.0,26.5,11943.5,201.0,1847.5,0.0,779.43,387.88,0.86,775.31
BOTTOM,킨드레드,7.8,6.2,10.2,5.63,20338.6,21481.6,16.2,11405.2,164.6,1484.6,0.6,821.98,460.94,0.65,868.18
UTILITY,리븐,7.0,8.0,14.0,2.62,17297.0,24323.0,93.0,12257.0,69.0,1668.0,0.0,622.19,440.9,3.35,874.93
JUNGLE,요네,9.33,6.56,6.44,2.45,25334.2222,27131.0,27.8889,13754.3333,204.4444,1647.44,2.0,922.67,500.93,1.02,988.11
BOTTOM,그레이브즈,6.25,6.38,11.38,4.51,25150.75,28129.625,23.625,14257.375,223.75,1794.62,0.62,840.87,476.67,0.79,940.46
BOTTOM,렝가,14.67,7.78,10.89,5.41,34689.2222,36200.3333,26.2222,14733.1111,175.4444,1598.11,0.44,1302.38,553.14,0.98,1359.12
UTILITY,갱플랭크,0.0,10.0,6.0,0.6,14740.0,23878.0,38.0,9355.0,105.0,1556.0,0.0,568.38,360.73,1.47,920.75
UTILITY,나르,3.0,6.5,6.0,1.36,18228.0,22739.0,105.5,8523.0,45.0,1737.5,0.5,629.46,294.32,3.64,785.23
MIDDLE,세나,3.0,5.0,6.5,1.9,14811.5,18046.5,16.0,10319.5,184.0,1518.0,0.5,585.43,407.89,0.63,713.3
UTILITY,나피리,4.2,8.2,9.8,2.03,19043.6,22448.6,80.6,9136.4,49.0,1599.4,0.4,714.4,342.74,3.02,842.14
JUNGLE,우르곳,8.0,4.75,7.88,4.91,18162.5,25340.625,38.0,13116.875,194.75,1680.5,0.25,648.47,468.32,1.36,904.75
MIDDLE,니달리,3.0,5.5,2.0,1.92,9699.0,22128.5,16.5,7983.5,162.0,1304.5,2.5,446.1,367.2,0.76,1017.79
BOTTOM,카타리나,11.0,7.0,10.0,3.06,40548.5,39062.0,37.5,15984.0,217.0,2026.5,0.0,1200.55,473.25,1.11,1156.54
TOP,바드,8.0,1.0,16.0,24.0,19994.0,19286.0,23.0,11105.0,158.0,1516.0,1.0,791.32,439.51,0.91,763.3
BOTTOM,제드,8.0,5.0,9.5,3.5,26923.0,21825.5,17.0,14398.5,190.5,1618.5,0.0,998.07,533.77,0.63,809.1
TOP,샤코,4.0,6.0,5.33,1.83,25619.0,22038.3333,17.5,9087.3333,144.6667,1658.67,2.0,926.73,328.72,0.63,797.21
BOTTOM,오리아나,2.5,4.0,6.0,3.92,11360.5,11012.0,18.5,7857.0,142.5,1186.0,0.0,574.73,397.49,0.94,557.1
MIDDLE,오공,4.8,6.4,6.6,2.34,17812.4,26152.4,26.8,10805.2,189.2,1661.4,1.4,643.28,390.22,0.97,944.47
MIDDLE,브라이어,6.85,7.46,8.31,2.59,20274.3077,31746.6923,17.7692,10896.8462,156.3846,1686.62,2.15,721.24,387.65,0.63,1129.36
MIDDLE,미스 포츈,4.33,6.67,4.33,1.24,18979.3333,18146.0,9.6667,10511.0,175.6667,1250.33,0.67,910.77,504.39,0.46,870.78
TOP,렐,1.5,6.0,7.5,1.75,14240.5,26311.0,16.0,8381.5,152.0,1519.0,0.5,562.5,331.07,0.63,1039.28
MIDDLE,렉사이,4.5,8.5,8.5,2.02,19879.0,35203.5,27.0,10945.5,141.5,1731.0,1.0,689.05,379.39,0.94,1220.23
UTILITY,시비르,0.0,10.0,2.0,0.2,2533.0,21775.0,5.0,8566.0,111.0,1922.0,0.0,79.07,267.41,0.16,679.76
TOP,킨드레드,5.0,3.0,4.0,3.0,14348.0,20206.0,36.0,13597.0,262.0,1850.0,2.0,465.34,440.98,1.17,655.33
TOP,닐라,4.0,8.0,7.0,1.38,26341.0,40397.0,43.0,13722.0,280.0,2186.0,1.0,722.99,376.63,1.18,1108.79
UTILITY,마스터 이,9.67,8.33,9.67,3.37,26028.6667,25114.6667,63.3333,12625.6667,79.6667,1624.0,2.33,961.65,466.47,2.34,927.88
BOTTOM,신 짜오,5.0,14.0,8.5,1.04,17953.5,35387.0,14.0,10918.5,127.0,1613.5,1.0,667.62,406.02,0.52,1315.91
TOP,노틸러스,2.5,5.0,9.0,3.07,20000.0,28433.5,30.0,10017.5,189.5,1787.5,1.5,671.33,336.25,1.01,954.41
BOTTOM,마스터 이,4.0,8.0,2.0,0.75,8317.0,18713.0,27.0,8829.0,145.0,1398.0,0.0,356.95,378.93,1.16,803.13
JUNGLE,스몰더,1.0,2.0,0.0,0.5,5356.0,14858.0,24.0,6937.0,147.0,1208.0,0.0,266.03,344.55,1.19,737.98
MIDDLE,타릭,0.0,7.0,1.0,0.14,5032.5,23769.5,15.5,6321.0,145.0,1279.5,0.0,235.99,296.41,0.73,1114.63
TOP,릴리아,1.0,4.0,2.5,1.58,7558.5,13962.0,7.5,5346.5,108.0,922.5,0.5,491.61,347.74,0.49,908.1
UTILITY,퀸,4.5,6.0,17.0,3.67,19853.0,28459.5,98.5,10727.0,38.0,1841.5,1.5,646.85,349.51,3.21,927.27
BOTTOM,나피리,10.0,11.0,11.0,1.91,37696.0,36953.0,42.0,16260.0,234.0,2150.0,0.0,1051.98,453.77,1.17,1031.25
JUNGLE,카밀,8.0,7.5,11.5,3.05,22713.0,35962.0,33.5,12818.0,178.0,1676.5,1.0,812.87,458.74,1.2,1287.04
BOTTOM,니코,6.0,6.0,8.5,3.61,20907.5,21130.0,23.0,12245.0,207.5,1656.0,0.0,757.52,443.66,0.83,765.58
TOP,제라스,5.0,6.0,16.0,3.5,38657.0,29106.0,39.0,13368.0,219.0,2113.0,0.0,1097.69,379.59,1.11,826.48
UTILITY,나서스,1.0,6.5,20.0,3.65,8586.0,31874.5,76.0,8623.5,29.0,1627.0,0.5,316.63,318.01,2.8,1175.46
MIDDLE,잔나,4.0,5.0,20.0,4.8,25798.0,22534.0,13.0,12559.0,172.0,1718.0,2.0,900.98,438.61,0.45,786.98
TOP,잔나,5.0,7.0,26.0,4.43,14889.0,29576.0,29.0,11152.0,130.0,1970.0,1.0,453.47,339.65,0.88,900.79
TOP,트위치,2.0,6.0,1.0,0.5,8242.0,11765.0,7.0,4583.0,71.0,925.0,0.0,534.62,297.28,0.45,763.14
JUNGLE,드레이븐,13.0,9.0,6.0,2.11,25004.0,27295.0,31.0,16477.0,156.0,1648.0,3.0,910.34,599.89,1.13,993.75
JUNGLE,하이머딩거,5.0,9.0,12.0,1.89,20726.0,28235.0,38.0,11309.0,161.0,1717.0,0.0,724.26,395.19,1.33,986.66
UTILITY,케인,1.0,7.0,8.0,1.29,12805.0,24864.0,58.0,7622.0,51.0,1560.0,0.0,492.5,293.15,2.23,956.31
JUNGLE,아펠리오스,5.0,7.0,3.0,1.14,16752.0,23855.0,59.0,12302.0,225.0,1753.0,0.0,573.37,421.06,2.02,816.49
UTILITY,드레이븐,0.0,1.0,0.0,0.0,382.0,3683.0,7.0,3935.0,60.0,933.0,0.0,24.57,253.05,0.45,236.85
UTILITY,볼리베어,2.0,7.0,11.0,1.86,12193.0,34104.0,118.0,9026.0,45.0,1981.0,0.0,369.3,273.38,3.57,1032.93
UTILITY,빅토르,7.0,15.0,19.0,1.73,28803.0,26119.0,73.0,11352.0,19.0,1659.0,0.0,1041.7,410.56,2.64,944.63
JUNGLE,트위스티드 페이트,6.0,7.0,13.0,2.71,23167.0,31258.0,47.0,14170.0,184.0,1882.0,0.0,738.59,451.75,1.5,996.54
UTILITY,유나라,2.0,13.0,7.0,0.69,14638.0,27318.0,34.0,10282.0,153.0,1658.0,2.0,529.72,372.09,1.23,988.59
BOTTOM,라칸,4.0,7.0,9.0,1.86,6874.0,23820.0,60.0,8289.0,33.0,1658.0,0.0,248.76,299.96,2.17,862.0
JUNGLE,라이즈,4.0,12.0,9.0,1.08,27550.0,66347.0,54.0,18309.0,312.0,3081.0,1.0,536.51,356.55,1.05,1292.05
MIDDLE,밀리오,3.0,7.0,4.0,1.0,11558.0,26052.0,29.0,8544.0,147.0,1587.0,2.0,436.98,323.02,1.1,984.95
BOTTOM,오른,10.0,8.0,4.0,1.75,30435.0,60915.0,41.0,15352.0,218.0,2015.0,0.0,906.25,457.13,1.22,1813.85
TOP,자야,2.0,7.0,0.0,0.29,6245.0,12542.0,8.0,4873.0,102.0,926.0,2.0,404.64,315.75,0.52,812.66
TOP,미스 포츈,2.0,7.0,8.0,1.43,23439.0,20661.0,20.0,9575.0,189.0,1717.0,0.0,819.07,334.6,0.7,721.99
MIDDLE,칼리스타,8.0,5.0,1.0,1.8,30213.0,23832.0,33.0,13701.0,235.0,1656.0,4.0,1094.67,496.41,1.2,863.48
JUNGLE,카시오페아,3.0,6.0,9.0,2.0,31836.0,41584.0,51.0,13122.0,223.0,2028.0,1.0,941.89,388.22,1.51,1230.3
TOP,징크스,10.0,8.0,10.0,2.5,39528.0,38356.0,12.0,17367.0,281.0,1946.0,0.0,1218.75,535.47,0.37,1182.61
MIDDLE,소나,1.0,4.0,1.0,0.5,8468.0,15744.0,17.0,8024.0,195.0,1491.0,0.0,340.76,322.9,0.68,633.56
MIDDLE,람머스,3.0,2.0,9.5,6.17,13187.5,26485.5,20.0,10188.5,150.0,1564.5,1.0,505.75,390.74,0.77,1015.74
